0.0025059361681363614,"{0.876372528096187365`8., 0.123627471903812635`8., 0, 0, 50, 4}","{0.876372528096187365`8., 0.123627471903812635`8., 0, 0, 50, 4}","{0.876372528096187365`8., 0.123627471903812635`8., 0, 0, 50, 4}","{0.876372528096187365`8., 0.123627471903812635`8., 0, 0, 50, 4}","{0.876372528096187365`8., 0.123627471903812635`8., 0, 0, 50, 4}","{0.876372528096187365`8., 0.123627471903812635`8., 0, 0, 50, 4}","{0.876372528096187365`8., 0.123627471903812635`8., 0, 0, 50, 4}","{0.876372528096187365`8., 0.123627471903812635`8., 0, 0, 50, 4}","{0.876372528096187365`8., 0.123627471903812635`8., 0, 0, 50, 4}","{0.876372528096187365`8., 0.123627471903812635`8., 0, 0, 50, 4}","{0.876372528096187365`8., 0.123627471903812635`8., 0, 0, 50, 4}","{0.876372528096187365`8., 0.123627471903812635`8., 0, 0, 50, 4}","{0.876372528096187365`8., 0.123627471903812635`8., 0, 0, 50, 4}","{0.876372528096187365`8., 0.123627471903812635`8., 0, 0, 50, 4}","{0.876372528096187365`8., 0.123627471903812635`8., 0, 0, 50, 4}","{0.876372528096187365`8., 0.123627471903812635`8., 0, 0, 50, 4}","{0.876372528096187365`8., 0.123627471903812635`8., 0, 0, 50, 4}","{0.876372528096187365`8., 0.123627471903812635`8., 0, 0, 50, 4}","{0.876372528096187365`8., 0.123627471903812635`8., 0, 0, 50, 4}","{0.876372528096187365`8., 0.123627471903812635`8., 0, 0, 50, 4}","{0.876372528096187365`8., 0.123627471903812635`8., 0, 0, 50, 4}","{0.876372528096187365`8., 0.123627471903812635`8., 0, 0, 50, 4}","{0.876372528096187365`8., 0.123627471903812635`8., 0, 0, 50, 4}","{0.876372528096187365`8., 0.123627471903812635`8., 0, 0, 50, 4}","{0.876372528096187365`8., 0.123627471903812635`8., 0, 0, 50, 4}","{0.876372528096187365`8., 0.123627471903812635`8., 0, 0, 50, 4}","{0.876372528096187365`8., 0.123627471903812635`8., 0, 0, 50, 4}","{0.876372528096187365`8., 0.123627471903812635`8., 0, 0, 50, 4}","{0.876372528096187365`8., 0.123627471903812635`8., 0, 0, 50, 4}","{0.00050199733427071911553741301803363752`8., 0.00004986189809322593441431443997056128`8., 0.9994481407676360549`8., 0, 24, 1}","{0.876372528096187365`8., 0.123627471903812635`8., 0, 0, 50, 4}","{0.876372528096187365`8., 0.123627471903812635`8., 0, 0, 50, 4}","{0.876372528096187365`8., 0.123627471903812635`8., 0, 0, 50, 4}","{0.876372528096187365`8., 0.123627471903812635`8., 0, 0, 50, 4}","{0.876372528096187365`8., 0.123627471903812635`8., 0, 0, 50, 4}","{0.876372528096187365`8., 0.123627471903812635`8., 0, 0, 50, 4}","{0.876372528096187365`8., 0.123627471903812635`8., 0, 0, 50, 4}","{0.876372528096187365`8., 0.123627471903812635`8., 0, 0, 50, 4}","{0.876372528096187365`8., 0.123627471903812635`8., 0, 0, 50, 4}","{0.876372528096187365`8., 0.123627471903812635`8., 0, 0, 50, 4}","{0.876372528096187365`8., 0.123627471903812635`8., 0, 0, 50, 4}","{0.876372528096187365`8., 0.123627471903812635`8., 0, 0, 50, 4}","{0.876372528096187365`8., 0.123627471903812635`8., 0, 0, 50, 4}","{0.876372528096187365`8., 0.123627471903812635`8., 0, 0, 50, 4}","{0.876372528096187365`8., 0.123627471903812635`8., 0, 0, 50, 4}","{0.876372528096187365`8., 0.123627471903812635`8., 0, 0, 50, 4}","{0.876372528096187365`8., 0.123627471903812635`8., 0, 0, 50, 4}","{0.876372528096187365`8., 0.123627471903812635`8., 0, 0, 50, 4}","{0.876372528096187365`8., 0.123627471903812635`8., 0, 0, 50, 4}","{0.876372528096187365`8., 0.123627471903812635`8., 0, 0, 50, 4}"
0.0026544222211549416,"{0.876372528096187365`8., 0.123627471903812635`8., 0, 0, 50, 4}","{0.876372528096187365`8., 0.123627471903812635`8., 0, 0, 50, 4}","{0.876372528096187365`8., 0.123627471903812635`8., 0, 0, 50, 4}","{0.876372528096187365`8., 0.123627471903812635`8., 0, 0, 50, 4}","{0.876372528096187365`8., 0.123627471903812635`8., 0, 0, 50, 4}","{0.876372528096187365`8., 0.123627471903812635`8., 0, 0, 50, 4}","{0.876372528096187365`8., 0.123627471903812635`8., 0, 0, 50, 4}","{0.876372528096187365`8., 0.123627471903812635`8., 0, 0, 50, 4}","{0.876372528096187365`8., 0.123627471903812635`8., 0, 0, 50, 4}","{0.876372528096187365`8., 0.123627471903812635`8., 0, 0, 50, 4}","{0.876372528096187365`8., 0.123627471903812635`8., 0, 0, 50, 4}","{0.876372528096187365`8., 0.123627471903812635`8., 0, 0, 50, 4}","{0.876372528096187365`8., 0.123627471903812635`8., 0, 0, 50, 4}","{0.876372528096187365`8., 0.123627471903812635`8., 0, 0, 50, 4}","{0.876372528096187365`8., 0.123627471903812635`8., 0, 0, 50, 4}","{0.876372528096187365`8., 0.123627471903812635`8., 0, 0, 50, 4}","{0.876372528096187365`8., 0.123627471903812635`8., 0, 0, 50, 4}","{0.876372528096187365`8., 0.123627471903812635`8., 0, 0, 50, 4}","{0.876372528096187365`8., 0.123627471903812635`8., 0, 0, 50, 4}","{0.876372528096187365`8., 0.123627471903812635`8., 0, 0, 50, 4}","{0.876372528096187365`8., 0.123627471903812635`8., 0, 0, 50, 4}","{0.876372528096187365`8., 0.123627471903812635`8., 0, 0, 50, 4}","{0.876372528096187365`8., 0.123627471903812635`8., 0, 0, 50, 4}","{0.876372528096187365`8., 0.123627471903812635`8., 0, 0, 50, 4}","{0.876372528096187365`8., 0.123627471903812635`8., 0, 0, 50, 4}","{0.876372528096187365`8., 0.123627471903812635`8., 0, 0, 50, 4}","{0.876372528096187365`8., 0.123627471903812635`8., 0, 0, 50, 4}","{0.876372528096187365`8., 0.123627471903812635`8., 0, 0, 50, 4}","{0.876372528096187365`8., 0.123627471903812635`8., 0, 0, 50, 4}","{0.876372528096187365`8., 0.123627471903812635`8., 0, 0, 50, 4}","{0.876372528096187365`8., 0.123627471903812635`8., 0, 0, 50, 4}","{0.876372528096187365`8., 0.123627471903812635`8., 0, 0, 50, 4}","{0.876372528096187365`8., 0.123627471903812635`8., 0, 0, 50, 4}","{0.876372528096187365`8., 0.123627471903812635`8., 0, 0, 50, 4}","{0.876372528096187365`8., 0.123627471903812635`8., 0, 0, 50, 4}","{0.876372528096187365`8., 0.123627471903812635`8., 0, 0, 50, 4}","{0.876372528096187365`8., 0.123627471903812635`8., 0, 0, 50, 4}","{0.876372528096187365`8., 0.123627471903812635`8., 0, 0, 50, 4}","{0.876372528096187365`8., 0.123627471903812635`8., 0, 0, 50, 4}","{0.876372528096187365`8., 0.123627471903812635`8., 0, 0, 50, 4}","{0.876372528096187365`8., 0.123627471903812635`8., 0, 0, 50, 4}","{0.876372528096187365`8., 0.123627471903812635`8., 0, 0, 50, 4}","{0.876372528096187365`8., 0.123627471903812635`8., 0, 0, 50, 4}","{0.876372528096187365`8., 0.123627471903812635`8., 0, 0, 50, 4}","{0.876372528096187365`8., 0.123627471903812635`8., 0, 0, 50, 4}","{0.876372528096187365`8., 0.123627471903812635`8., 0, 0, 50, 4}","{0.876372528096187365`8., 0.123627471903812635`8., 0, 0, 50, 4}","{0.876372528096187365`8., 0.123627471903812635`8., 0, 0, 50, 4}","{0.876372528096187365`8., 0.123627471903812635`8., 0, 0, 50, 4}","{0.876372528096187365`8., 0.123627471903812635`8., 0, 0, 50, 4}"
0.0028117066259517455,"{0.876372528096187365`8., 0.123627471903812635`8., 0, 0, 50, 4}","{0.876372528096187365`8., 0.123627471903812635`8., 0, 0, 50, 4}","{0.876372528096187365`8., 0.123627471903812635`8., 0, 0, 50, 4}","{0.876372528096187365`8., 0.123627471903812635`8., 0, 0, 50, 4}","{0.876372528096187365`8., 0.123627471903812635`8., 0, 0, 50, 4}","{0.876372528096187365`8., 0.123627471903812635`8., 0, 0, 50, 4}","{0.876372528096187365`8., 0.123627471903812635`8., 0, 0, 50, 4}","{0.876372528096187365`8., 0.123627471903812635`8., 0, 0, 50, 4}","{0.876372528096187365`8., 0.123627471903812635`8., 0, 0, 50, 4}","{0.876372528096187365`8., 0.123627471903812635`8., 0, 0, 50, 4}","{0.876372528096187365`8., 0.123627471903812635`8., 0, 0, 50, 4}","{0.00045267904118763298848064673884179826`8., 0.00004596707572014163752081031677813112`8., 0.9995013538830922254`8., 0, 37, 1}","{0.876372528096187365`8., 0.123627471903812635`8., 0, 0, 50, 4}","{0.876372528096187365`8., 0.123627471903812635`8., 0, 0, 50, 4}","{0.876372528096187365`8., 0.123627471903812635`8., 0, 0, 50, 4}","{0.876372528096187365`8., 0.123627471903812635`8., 0, 0, 50, 4}","{0.876372528096187365`8., 0.123627471903812635`8., 0, 0, 50, 4}","{0.00045977998023461490037196602168221721`8., 0.00004659227480371568531770778959465058`8., 0.9994936277449616694`8., 0, 35, 1}","{0.876372528096187365`8., 0.123627471903812635`8., 0, 0, 50, 4}","{0.876372528096187365`8., 0.123627471903812635`8., 0, 0, 50, 4}","{0.00050617125923783811407867736489273825`8., 0.00005003768829607985075855215909794157`8., 0, 0.999443791052466082`8., 49, 1}","{0.876372528096187365`8., 0.123627471903812635`8., 0, 0, 50, 4}","{0.876372528096187365`8., 0.123627471903812635`8., 0, 0, 50, 4}","{0.876372528096187365`8., 0.123627471903812635`8., 0, 0, 50, 4}","{0.876372528096187365`8., 0.123627471903812635`8., 0, 0, 50, 4}","{0.876372528096187365`8., 0.123627471903812635`8., 0, 0, 50, 4}","{0.876372528096187365`8., 0.123627471903812635`8., 0, 0, 50, 4}","{0.876372528096187365`8., 0.123627471903812635`8., 0, 0, 50, 4}","{0.876372528096187365`8., 0.123627471903812635`8., 0, 0, 50, 4}","{0.876372528096187365`8., 0.123627471903812635`8., 0, 0, 50, 4}","{0.0005063563792800407617249251552151111`8., 0.00005005373438902311750466940663825393`8., 0.9994435898863309361`8., 0, 43, 1}","{0.876372528096187365`8., 0.123627471903812635`8., 0, 0, 50, 4}","{0.876372528096187365`8., 0.123627471903812635`8., 0, 0, 50, 4}","{0.876372528096187365`8., 0.123627471903812635`8., 0, 0, 50, 4}","{0.876372528096187365`8., 0.123627471903812635`8., 0, 0, 50, 4}","{0.876372528096187365`8., 0.123627471903812635`8., 0, 0, 50, 4}","{0.4969227385932905975`8., 0.0448579672109210677`8., 0, 0.4582192941957883348`8., 50, 5}","{0.876372528096187365`8., 0.123627471903812635`8., 0, 0, 50, 4}","{0.876372528096187365`8., 0.123627471903812635`8., 0, 0, 50, 4}","{0.876372528096187365`8., 0.123627471903812635`8., 0, 0, 50, 4}","{0.876372528096187365`8., 0.123627471903812635`8., 0, 0, 50, 4}","{0.876372528096187365`8., 0.123627471903812635`8., 0, 0, 50, 4}","{0.876372528096187365`8., 0.123627471903812635`8., 0, 0, 50, 4}","{0.876372528096187365`8., 0.123627471903812635`8., 0, 0, 50, 4}","{0.876372528096187365`8., 0.123627471903812635`8., 0, 0, 50, 4}","{0.876372528096187365`8., 0.123627471903812635`8., 0, 0, 50, 4}","{0.876372528096187365`8., 0.123627471903812635`8., 0, 0, 50, 4}","{0.876372528096187365`8., 0.123627471903812635`8., 0, 0, 50, 4}","{0.876372528096187365`8., 0.123627471903812635`8., 0, 0, 50, 4}","{0.876372528096187365`8., 0.123627471903812635`8., 0, 0, 50, 4}"
0.0029783107176450524,"{0.876372528096187365`8., 0.123627471903812635`8., 0, 0, 50, 4}","{0.876372528096187365`8., 0.123627471903812635`8., 0, 0, 50, 4}","{0.876372528096187365`8., 0.123627471903812635`8., 0, 0, 50, 4}","{0.876372528096187365`8., 0.123627471903812635`8., 0, 0, 50, 4}","{0.876372528096187365`8., 0.123627471903812635`8., 0, 0, 50, 4}","{0.876372528096187365`8., 0.123627471903812635`8., 0, 0, 50, 4}","{0.876372528096187365`8., 0.123627471903812635`8., 0, 0, 50, 4}","{0.876372528096187365`8., 0.123627471903812635`8., 0, 0, 50, 4}","{0.876372528096187365`8., 0.123627471903812635`8., 0, 0, 50, 4}","{0.876372528096187365`8., 0.123627471903812635`8., 0, 0, 50, 4}","{0.876372528096187365`8., 0.123627471903812635`8., 0, 0, 50, 4}","{0.876372528096187365`8., 0.123627471903812635`8., 0, 0, 50, 4}","{0.876372528096187365`8., 0.123627471903812635`8., 0, 0, 50, 4}","{0.876372528096187365`8., 0.123627471903812635`8., 0, 0, 50, 4}","{0.876372528096187365`8., 0.123627471903812635`8., 0, 0, 50, 4}","{0.876372528096187365`8., 0.123627471903812635`8., 0, 0, 50, 4}","{0.876372528096187365`8., 0.123627471903812635`8., 0, 0, 50, 4}","{0.876372528096187365`8., 0.123627471903812635`8., 0, 0, 50, 4}","{0.876372528096187365`8., 0.123627471903812635`8., 0, 0, 50, 4}","{0.876372528096187365`8., 0.123627471903812635`8., 0, 0, 50, 4}","{0.876372528096187365`8., 0.123627471903812635`8., 0, 0, 50, 4}","{0.876372528096187365`8., 0.123627471903812635`8., 0, 0, 50, 4}","{0.876372528096187365`8., 0.123627471903812635`8., 0, 0, 50, 4}","{0.876372528096187365`8., 0.123627471903812635`8., 0, 0, 50, 4}","{0.876372528096187365`8., 0.123627471903812635`8., 0, 0, 50, 4}","{0.00044982029725734956707427151047624695`8., 0.0000458252168205322885488476140985937`8., 0, 0.9995043544859221182`8., 20, 1}","{0.876372528096187365`8., 0.123627471903812635`8., 0, 0, 50, 4}","{0.876372528096187365`8., 0.123627471903812635`8., 0, 0, 50, 4}","{0.876372528096187365`8., 0.123627471903812635`8., 0, 0, 50, 4}","{0.876372528096187365`8., 0.123627471903812635`8., 0, 0, 50, 4}","{0.876372528096187365`8., 0.123627471903812635`8., 0, 0, 50, 4}","{0.876372528096187365`8., 0.123627471903812635`8., 0, 0, 50, 4}","{0.876372528096187365`8., 0.123627471903812635`8., 0, 0, 50, 4}","{0.876372528096187365`8., 0.123627471903812635`8., 0, 0, 50, 4}","{0.876372528096187365`8., 0.123627471903812635`8., 0, 0, 50, 4}","{0.876372528096187365`8., 0.123627471903812635`8., 0, 0, 50, 4}","{0.876372528096187365`8., 0.123627471903812635`8., 0, 0, 50, 4}","{0.876372528096187365`8., 0.123627471903812635`8., 0, 0, 50, 4}","{0.876372528096187365`8., 0.123627471903812635`8., 0, 0, 50, 4}","{0.876372528096187365`8., 0.123627471903812635`8., 0, 0, 50, 4}","{0.876372528096187365`8., 0.123627471903812635`8., 0, 0, 50, 4}","{0.876372528096187365`8., 0.123627471903812635`8., 0, 0, 50, 4}","{0.876372528096187365`8., 0.123627471903812635`8., 0, 0, 50, 4}","{0.876372528096187365`8., 0.123627471903812635`8., 0, 0, 50, 4}","{0.876372528096187365`8., 0.123627471903812635`8., 0, 0, 50, 4}","{0.876372528096187365`8., 0.123627471903812635`8., 0, 0, 50, 4}","{0.876372528096187365`8., 0.123627471903812635`8., 0, 0, 50, 4}","{0.876372528096187365`8., 0.123627471903812635`8., 0, 0, 50, 4}","{0.876372528096187365`8., 0.123627471903812635`8., 0, 0, 50, 4}","{0.00044280793610562071311611942440843656`8., 0.00004522319989217341043977859093353564`8., 0.9995119688640022059`8., 0, 14, 1}"
0.0031547867224009664,"{0.876372528096187365`8., 0.123627471903812635`8., 0, 0, 50, 4}","{0.876372528096187365`8., 0.123627471903812635`8., 0, 0, 50, 4}","{0.876372528096187365`8., 0.123627471903812635`8., 0, 0, 50, 4}","{0.876372528096187365`8., 0.123627471903812635`8., 0, 0, 50, 4}","{0.876372528096187365`8., 0.123627471903812635`8., 0, 0, 50, 4}","{0.876372528096187365`8., 0.123627471903812635`8., 0, 0, 50, 4}","{0.876372528096187365`8., 0.123627471903812635`8., 0, 0, 50, 4}","{0.876372528096187365`8., 0.123627471903812635`8., 0, 0, 50, 4}","{0.876372528096187365`8., 0.123627471903812635`8., 0, 0, 50, 4}","{0.876372528096187365`8., 0.123627471903812635`8., 0, 0, 50, 4}","{0.876372528096187365`8., 0.123627471903812635`8., 0, 0, 50, 4}","{0.876372528096187365`8., 0.123627471903812635`8., 0, 0, 50, 4}","{0.876372528096187365`8., 0.123627471903812635`8., 0, 0, 50, 4}","{0.876372528096187365`8., 0.123627471903812635`8., 0, 0, 50, 4}","{0.876372528096187365`8., 0.123627471903812635`8., 0, 0, 50, 4}","{0.876372528096187365`8., 0.123627471903812635`8., 0, 0, 50, 4}","{0.876372528096187365`8., 0.123627471903812635`8., 0, 0, 50, 4}","{0.876372528096187365`8., 0.123627471903812635`8., 0, 0, 50, 4}","{0.876372528096187365`8., 0.123627471903812635`8., 0, 0, 50, 4}","{0.876372528096187365`8., 0.123627471903812635`8., 0, 0, 50, 4}","{0.876372528096187365`8., 0.123627471903812635`8., 0, 0, 50, 4}","{0.876372528096187365`8., 0.123627471903812635`8., 0, 0, 50, 4}","{0.876372528096187365`8., 0.123627471903812635`8., 0, 0, 50, 4}","{0.876372528096187365`8., 0.123627471903812635`8., 0, 0, 50, 4}","{0.876372528096187365`8., 0.123627471903812635`8., 0, 0, 50, 4}","{0.876372528096187365`8., 0.123627471903812635`8., 0, 0, 50, 4}","{0.876372528096187365`8., 0.123627471903812635`8., 0, 0, 50, 4}","{0.876372528096187365`8., 0.123627471903812635`8., 0, 0, 50, 4}","{0.876372528096187365`8., 0.123627471903812635`8., 0, 0, 50, 4}","{0.876372528096187365`8., 0.123627471903812635`8., 0, 0, 50, 4}","{0.876372528096187365`8., 0.123627471903812635`8., 0, 0, 50, 4}","{0.876372528096187365`8., 0.123627471903812635`8., 0, 0, 50, 4}","{0.876372528096187365`8., 0.123627471903812635`8., 0, 0, 50, 4}","{0.876372528096187365`8., 0.123627471903812635`8., 0, 0, 50, 4}","{0.876372528096187365`8., 0.123627471903812635`8., 0, 0, 50, 4}","{0.000492726910029690429131252141362005`8., 0.00004911833154253541603503321636030068`8., 0, 0.9994581547584277742`8., 32, 1}","{0.876372528096187365`8., 0.123627471903812635`8., 0, 0, 50, 4}","{0.876372528096187365`8., 0.123627471903812635`8., 0, 0, 50, 4}","{0.876372528096187365`8., 0.123627471903812635`8., 0, 0, 50, 4}","{0.876372528096187365`8., 0.123627471903812635`8., 0, 0, 50, 4}","{0.876372528096187365`8., 0.123627471903812635`8., 0, 0, 50, 4}","{0.876372528096187365`8., 0.123627471903812635`8., 0, 0, 50, 4}","{0.876372528096187365`8., 0.123627471903812635`8., 0, 0, 50, 4}","{0.876372528096187365`8., 0.123627471903812635`8., 0, 0, 50, 4}","{0.876372528096187365`8., 0.123627471903812635`8., 0, 0, 50, 4}","{0.876372528096187365`8., 0.123627471903812635`8., 0, 0, 50, 4}","{0.876372528096187365`8., 0.123627471903812635`8., 0, 0, 50, 4}","{0.876372528096187365`8., 0.123627471903812635`8., 0, 0, 50, 4}","{0.876372528096187365`8., 0.123627471903812635`8., 0, 0, 50, 4}","{0.876372528096187365`8., 0.123627471903812635`8., 0, 0, 50, 4}"
0.003341719587843073,"{0.876372528096187365`8., 0.123627471903812635`8., 0, 0, 50, 4}","{0.00048162840143324256280991950942684991`8., 0.00004816352702510514489529633034511246`8., 0.9994702080715416523`8., 0, 39, 1}","{0.876372528096187365`8., 0.123627471903812635`8., 0, 0, 50, 4}","{0.876372528096187365`8., 0.123627471903812635`8., 0, 0, 50, 4}","{0.876372528096187365`8., 0.123627471903812635`8., 0, 0, 50, 4}","{0.00047100288135765516441701379584320612`8., 0.00004739315628482868108338936615563367`8., 0.9994816039623575161`8., 0, 36, 1}","{0.876372528096187365`8., 0.123627471903812635`8., 0, 0, 50, 4}","{0.876372528096187365`8., 0.123627471903812635`8., 0, 0, 50, 4}","{0.876372528096187365`8., 0.123627471903812635`8., 0, 0, 50, 4}","{0.876372528096187365`8., 0.123627471903812635`8., 0, 0, 50, 4}","{0.876372528096187365`8., 0.123627471903812635`8., 0, 0, 50, 4}","{0.876372528096187365`8., 0.123627471903812635`8., 0, 0, 50, 4}","{0.876372528096187365`8., 0.123627471903812635`8., 0, 0, 50, 4}","{0.876372528096187365`8., 0.123627471903812635`8., 0, 0, 50, 4}","{0.876372528096187365`8., 0.123627471903812635`8., 0, 0, 50, 4}","{0.876372528096187365`8., 0.123627471903812635`8., 0, 0, 50, 4}","{0.876372528096187365`8., 0.123627471903812635`8., 0, 0, 50, 4}","{0.876372528096187365`8., 0.123627471903812635`8., 0, 0, 50, 4}","{0.876372528096187365`8., 0.123627471903812635`8., 0, 0, 50, 4}","{0.876372528096187365`8., 0.123627471903812635`8., 0, 0, 50, 4}","{0.876372528096187365`8., 0.123627471903812635`8., 0, 0, 50, 4}","{0.876372528096187365`8., 0.123627471903812635`8., 0, 0, 50, 4}","{0.876372528096187365`8., 0.123627471903812635`8., 0, 0, 50, 4}","{0.876372528096187365`8., 0.123627471903812635`8., 0, 0, 50, 4}","{0.876372528096187365`8., 0.123627471903812635`8., 0, 0, 50, 4}","{0.876372528096187365`8., 0.123627471903812635`8., 0, 0, 50, 4}","{0.876372528096187365`8., 0.123627471903812635`8., 0, 0, 50, 4}","{0.876372528096187365`8., 0.123627471903812635`8., 0, 0, 50, 4}","{0.876372528096187365`8., 0.123627471903812635`8., 0, 0, 50, 4}","{0.876372528096187365`8., 0.123627471903812635`8., 0, 0, 50, 4}","{0.876372528096187365`8., 0.123627471903812635`8., 0, 0, 50, 4}","{0.876372528096187365`8., 0.123627471903812635`8., 0, 0, 50, 4}","{0.876372528096187365`8., 0.123627471903812635`8., 0, 0, 50, 4}","{0.876372528096187365`8., 0.123627471903812635`8., 0, 0, 50, 4}","{0.876372528096187365`8., 0.123627471903812635`8., 0, 0, 50, 4}","{0.876372528096187365`8., 0.123627471903812635`8., 0, 0, 50, 4}","{0.876372528096187365`8., 0.123627471903812635`8., 0, 0, 50, 4}","{0.876372528096187365`8., 0.123627471903812635`8., 0, 0, 50, 4}","{0.00049680966184480285010585464238787774`8., 0.00004937301031891869677420261775089255`8., 0, 0.9994538173278362785`8., 43, 1}","{0.876372528096187365`8., 0.123627471903812635`8., 0, 0, 50, 4}","{0.876372528096187365`8., 0.123627471903812635`8., 0, 0, 50, 4}","{0.876372528096187365`8., 0.123627471903812635`8., 0, 0, 50, 4}","{0.876372528096187365`8., 0.123627471903812635`8., 0, 0, 50, 4}","{0.876372528096187365`8., 0.123627471903812635`8., 0, 0, 50, 4}","{0.876372528096187365`8., 0.123627471903812635`8., 0, 0, 50, 4}","{0.876372528096187365`8., 0.123627471903812635`8., 0, 0, 50, 4}","{0.00050624570009095535784771863572794877`8., 0.00005017578093641815137840391575895158`8., 0.9994435785189726265`8., 0, 14, 1}","{0.876372528096187365`8., 0.123627471903812635`8., 0, 0, 50, 4}","{0.876372528096187365`8., 0.123627471903812635`8., 0, 0, 50, 4}","{0.876372528096187365`8., 0.123627471903812635`8., 0, 0, 50, 4}"
0.0035397289219206898,"{0.876372528096187365`8., 0.123627471903812635`8., 0, 0, 50, 4}","{0.876372528096187365`8., 0.123627471903812635`8., 0, 0, 50, 4}","{0.876372528096187365`8., 0.123627471903812635`8., 0, 0, 50, 4}","{0.876372528096187365`8., 0.123627471903812635`8., 0, 0, 50, 4}","{0.876372528096187365`8., 0.123627471903812635`8., 0, 0, 50, 4}","{0.876372528096187365`8., 0.123627471903812635`8., 0, 0, 50, 4}","{0.876372528096187365`8., 0.123627471903812635`8., 0, 0, 50, 4}","{0.876372528096187365`8., 0.123627471903812635`8., 0, 0, 50, 4}","{0.876372528096187365`8., 0.123627471903812635`8., 0, 0, 50, 4}","{0.00037974504161489261190020180721112675`8., 0.00003992390753513163901508084238614251`8., 0.9995803310508499758`8., 0, 41, 1}","{0.876372528096187365`8., 0.123627471903812635`8., 0, 0, 50, 4}","{0.876372528096187365`8., 0.123627471903812635`8., 0, 0, 50, 4}","{0.876372528096187365`8., 0.123627471903812635`8., 0, 0, 50, 4}","{0.876372528096187365`8., 0.123627471903812635`8., 0, 0, 50, 4}","{0.876372528096187365`8., 0.123627471903812635`8., 0, 0, 50, 4}","{0.876372528096187365`8., 0.123627471903812635`8., 0, 0, 50, 4}","{0.876372528096187365`8., 0.123627471903812635`8., 0, 0, 50, 4}","{0.876372528096187365`8., 0.123627471903812635`8., 0, 0, 50, 4}","{0.876372528096187365`8., 0.123627471903812635`8., 0, 0, 50, 4}","{0.876372528096187365`8., 0.123627471903812635`8., 0, 0, 50, 4}","{0.876372528096187365`8., 0.123627471903812635`8., 0, 0, 50, 4}","{0.876372528096187365`8., 0.123627471903812635`8., 0, 0, 50, 4}","{0.876372528096187365`8., 0.123627471903812635`8., 0, 0, 50, 4}","{0.876372528096187365`8., 0.123627471903812635`8., 0, 0, 50, 4}","{0.876372528096187365`8., 0.123627471903812635`8., 0, 0, 50, 4}","{0.876372528096187365`8., 0.123627471903812635`8., 0, 0, 50, 4}","{0.876372528096187365`8., 0.123627471903812635`8., 0, 0, 50, 4}","{0.876372528096187365`8., 0.123627471903812635`8., 0, 0, 50, 4}","{0.876372528096187365`8., 0.123627471903812635`8., 0, 0, 50, 4}","{0.876372528096187365`8., 0.123627471903812635`8., 0, 0, 50, 4}","{0.876372528096187365`8., 0.123627471903812635`8., 0, 0, 50, 4}","{0.876372528096187365`8., 0.123627471903812635`8., 0, 0, 50, 4}","{0.876372528096187365`8., 0.123627471903812635`8., 0, 0, 50, 4}","{0.876372528096187365`8., 0.123627471903812635`8., 0, 0, 50, 4}","{0.876372528096187365`8., 0.123627471903812635`8., 0, 0, 50, 4}","{0.876372528096187365`8., 0.123627471903812635`8., 0, 0, 50, 4}","{0.876372528096187365`8., 0.123627471903812635`8., 0, 0, 50, 4}","{0.876372528096187365`8., 0.123627471903812635`8., 0, 0, 50, 4}","{0.876372528096187365`8., 0.123627471903812635`8., 0, 0, 50, 4}","{0.876372528096187365`8., 0.123627471903812635`8., 0, 0, 50, 4}","{0.876372528096187365`8., 0.123627471903812635`8., 0, 0, 50, 4}","{0.876372528096187365`8., 0.123627471903812635`8., 0, 0, 50, 4}","{0.876372528096187365`8., 0.123627471903812635`8., 0, 0, 50, 4}","{0.876372528096187365`8., 0.123627471903812635`8., 0, 0, 50, 4}","{0.876372528096187365`8., 0.123627471903812635`8., 0, 0, 50, 4}","{0.876372528096187365`8., 0.123627471903812635`8., 0, 0, 50, 4}","{0.876372528096187365`8., 0.123627471903812635`8., 0, 0, 50, 4}","{0.00050246127696634636815274130560311725`8., 0.00004982413183855952460079522860675673`8., 0, 0.9994477145911950941`8., 24, 1}","{0.876372528096187365`8., 0.123627471903812635`8., 0, 0, 50, 4}","{0.876372528096187365`8., 0.123627471903812635`8., 0, 0, 50, 4}"
0.0037494710466622794,"{0.876372528096187365`8., 0.123627471903812635`8., 0, 0, 50, 4}","{0.876372528096187365`8., 0.123627471903812635`8., 0, 0, 50, 4}","{0.876372528096187365`8., 0.123627471903812635`8., 0, 0, 50, 4}","{0.876372528096187365`8., 0.123627471903812635`8., 0, 0, 50, 4}","{0.876372528096187365`8., 0.123627471903812635`8., 0, 0, 50, 4}","{0.876372528096187365`8., 0.123627471903812635`8., 0, 0, 50, 4}","{0.876372528096187365`8., 0.123627471903812635`8., 0, 0, 50, 4}","{0.876372528096187365`8., 0.123627471903812635`8., 0, 0, 50, 4}","{0.876372528096187365`8., 0.123627471903812635`8., 0, 0, 50, 4}","{0.876372528096187365`8., 0.123627471903812635`8., 0, 0, 50, 4}","{0.876372528096187365`8., 0.123627471903812635`8., 0, 0, 50, 4}","{0.876372528096187365`8., 0.123627471903812635`8., 0, 0, 50, 4}","{0.876372528096187365`8., 0.123627471903812635`8., 0, 0, 50, 4}","{0.876372528096187365`8., 0.123627471903812635`8., 0, 0, 50, 4}","{0.876372528096187365`8., 0.123627471903812635`8., 0, 0, 50, 4}","{0.876372528096187365`8., 0.123627471903812635`8., 0, 0, 50, 4}","{0.876372528096187365`8., 0.123627471903812635`8., 0, 0, 50, 4}","{0.876372528096187365`8., 0.123627471903812635`8., 0, 0, 50, 4}","{0.876372528096187365`8., 0.123627471903812635`8., 0, 0, 50, 4}","{0.876372528096187365`8., 0.123627471903812635`8., 0, 0, 50, 4}","{0.876372528096187365`8., 0.123627471903812635`8., 0, 0, 50, 4}","{0.00050110221895597840082213069762069174`8., 0.00004981927090499414996889359627504118`8., 0.9994490785101390275`8., 0, 46, 1}","{0.876372528096187365`8., 0.123627471903812635`8., 0, 0, 50, 4}","{0.876372528096187365`8., 0.123627471903812635`8., 0, 0, 50, 4}","{0.876372528096187365`8., 0.123627471903812635`8., 0, 0, 50, 4}","{0.876372528096187365`8., 0.123627471903812635`8., 0, 0, 50, 4}","{0.876372528096187365`8., 0.123627471903812635`8., 0, 0, 50, 4}","{0.876372528096187365`8., 0.123627471903812635`8., 0, 0, 50, 4}","{0.876372528096187365`8., 0.123627471903812635`8., 0, 0, 50, 4}","{0.876372528096187365`8., 0.123627471903812635`8., 0, 0, 50, 4}","{0.876372528096187365`8., 0.123627471903812635`8., 0, 0, 50, 4}","{0.876372528096187365`8., 0.123627471903812635`8., 0, 0, 50, 4}","{0.876372528096187365`8., 0.123627471903812635`8., 0, 0, 50, 4}","{0.876372528096187365`8., 0.123627471903812635`8., 0, 0, 50, 4}","{0.876372528096187365`8., 0.123627471903812635`8., 0, 0, 50, 4}","{0.876372528096187365`8., 0.123627471903812635`8., 0, 0, 50, 4}","{0.876372528096187365`8., 0.123627471903812635`8., 0, 0, 50, 4}","{0.876372528096187365`8., 0.123627471903812635`8., 0, 0, 50, 4}","{0.876372528096187365`8., 0.123627471903812635`8., 0, 0, 50, 4}","{0.876372528096187365`8., 0.123627471903812635`8., 0, 0, 50, 4}","{0.876372528096187365`8., 0.123627471903812635`8., 0, 0, 50, 4}","{0.876372528096187365`8., 0.123627471903812635`8., 0, 0, 50, 4}","{0.876372528096187365`8., 0.123627471903812635`8., 0, 0, 50, 4}","{0.876372528096187365`8., 0.123627471903812635`8., 0, 0, 50, 4}","{0.876372528096187365`8., 0.123627471903812635`8., 0, 0, 50, 4}","{0.00894645800514367769601651549571741283`8., 0.0006581845877339643211670491514497074`8., 0, 0.990395357407122358`8., 12, 1}","{0.876372528096187365`8., 0.123627471903812635`8., 0, 0, 50, 4}","{0.876372528096187365`8., 0.123627471903812635`8., 0, 0, 50, 4}","{0.876372528096187365`8., 0.123627471903812635`8., 0, 0, 50, 4}","{0.876372528096187365`8., 0.123627471903812635`8., 0, 0, 50, 4}"
0.003971641173621408,"{0.876372528096187365`8., 0.123627471903812635`8., 0, 0, 50, 4}","{0.876372528096187365`8., 0.123627471903812635`8., 0, 0, 50, 4}","{0.876372528096187365`8., 0.123627471903812635`8., 0, 0, 50, 4}","{0.876372528096187365`8., 0.123627471903812635`8., 0, 0, 50, 4}","{0.876372528096187365`8., 0.123627471903812635`8., 0, 0, 50, 4}","{0.876372528096187365`8., 0.123627471903812635`8., 0, 0, 50, 4}","{0.876372528096187365`8., 0.123627471903812635`8., 0, 0, 50, 4}","{0.00048690138289190549251065021601012329`8., 0.00004871390816214720449278110606703561`8., 0.9994643847089459473`8., 0, 41, 1}","{0.876372528096187365`8., 0.123627471903812635`8., 0, 0, 50, 4}","{0.876372528096187365`8., 0.123627471903812635`8., 0, 0, 50, 4}","{0.876372528096187365`8., 0.123627471903812635`8., 0, 0, 50, 4}","{0.876372528096187365`8., 0.123627471903812635`8., 0, 0, 50, 4}","{0.876372528096187365`8., 0.123627471903812635`8., 0, 0, 50, 4}","{0.876372528096187365`8., 0.123627471903812635`8., 0, 0, 50, 4}","{0.876372528096187365`8., 0.123627471903812635`8., 0, 0, 50, 4}","{0.876372528096187365`8., 0.123627471903812635`8., 0, 0, 50, 4}","{0.876372528096187365`8., 0.123627471903812635`8., 0, 0, 50, 4}","{0.876372528096187365`8., 0.123627471903812635`8., 0, 0, 50, 4}","{0.00046130200078372158327482218339645833`8., 0.0000466226741022135267571532820855235`8., 0, 0.9994920753251140649`8., 13, 1}","{0.876372528096187365`8., 0.123627471903812635`8., 0, 0, 50, 4}","{0.876372528096187365`8., 0.123627471903812635`8., 0, 0, 50, 4}","{0.876372528096187365`8., 0.123627471903812635`8., 0, 0, 50, 4}","{0.876372528096187365`8., 0.123627471903812635`8., 0, 0, 50, 4}","{0.876372528096187365`8., 0.123627471903812635`8., 0, 0, 50, 4}","{0.876372528096187365`8., 0.123627471903812635`8., 0, 0, 50, 4}","{0.876372528096187365`8., 0.123627471903812635`8., 0, 0, 50, 4}","{0.876372528096187365`8., 0.123627471903812635`8., 0, 0, 50, 4}","{0.876372528096187365`8., 0.123627471903812635`8., 0, 0, 50, 4}","{0.00050421848856214164375245820732138922`8., 0.00004998016959791491340686021172509799`8., 0.9994458013418399434`8., 0, 34, 1}","{0.876372528096187365`8., 0.123627471903812635`8., 0, 0, 50, 4}","{0.876372528096187365`8., 0.123627471903812635`8., 0, 0, 50, 4}","{0.876372528096187365`8., 0.123627471903812635`8., 0, 0, 50, 4}","{0.876372528096187365`8., 0.123627471903812635`8., 0, 0, 50, 4}","{0.876372528096187365`8., 0.123627471903812635`8., 0, 0, 50, 4}","{0.876372528096187365`8., 0.123627471903812635`8., 0, 0, 50, 4}","{0.876372528096187365`8., 0.123627471903812635`8., 0, 0, 50, 4}","{0.876372528096187365`8., 0.123627471903812635`8., 0, 0, 50, 4}","{0.876372528096187365`8., 0.123627471903812635`8., 0, 0, 50, 4}","{0.876372528096187365`8., 0.123627471903812635`8., 0, 0, 50, 4}","{0.876372528096187365`8., 0.123627471903812635`8., 0, 0, 50, 4}","{0.876372528096187365`8., 0.123627471903812635`8., 0, 0, 50, 4}","{0.876372528096187365`8., 0.123627471903812635`8., 0, 0, 50, 4}","{0.876372528096187365`8., 0.123627471903812635`8., 0, 0, 50, 4}","{0.876372528096187365`8., 0.123627471903812635`8., 0, 0, 50, 4}","{0.876372528096187365`8., 0.123627471903812635`8., 0, 0, 50, 4}","{0.876372528096187365`8., 0.123627471903812635`8., 0, 0, 50, 4}","{0.876372528096187365`8., 0.123627471903812635`8., 0, 0, 50, 4}","{0.876372528096187365`8., 0.123627471903812635`8., 0, 0, 50, 4}","{0.876372528096187365`8., 0.123627471903812635`8., 0, 0, 50, 4}","{0.876372528096187365`8., 0.123627471903812635`8., 0, 0, 50, 4}"
0.004206975708225976,"{0.876372528096187365`8., 0.123627471903812635`8., 0, 0, 50, 4}","{0.876372528096187365`8., 0.123627471903812635`8., 0, 0, 50, 4}","{0.876372528096187365`8., 0.123627471903812635`8., 0, 0, 50, 4}","{0.876372528096187365`8., 0.123627471903812635`8., 0, 0, 50, 4}","{0.876372528096187365`8., 0.123627471903812635`8., 0, 0, 50, 4}","{0.876372528096187365`8., 0.123627471903812635`8., 0, 0, 50, 4}","{0.876372528096187365`8., 0.123627471903812635`8., 0, 0, 50, 4}","{0.876372528096187365`8., 0.123627471903812635`8., 0, 0, 50, 4}","{0.876372528096187365`8., 0.123627471903812635`8., 0, 0, 50, 4}","{0.876372528096187365`8., 0.123627471903812635`8., 0, 0, 50, 4}","{0.876372528096187365`8., 0.123627471903812635`8., 0, 0, 50, 4}","{0.876372528096187365`8., 0.123627471903812635`8., 0, 0, 50, 4}","{0.876372528096187365`8., 0.123627471903812635`8., 0, 0, 50, 4}","{0.876372528096187365`8., 0.123627471903812635`8., 0, 0, 50, 4}","{0.876372528096187365`8., 0.123627471903812635`8., 0, 0, 50, 4}","{0.876372528096187365`8., 0.123627471903812635`8., 0, 0, 50, 4}","{0.876372528096187365`8., 0.123627471903812635`8., 0, 0, 50, 4}","{0.876372528096187365`8., 0.123627471903812635`8., 0, 0, 50, 4}","{0.876372528096187365`8., 0.123627471903812635`8., 0, 0, 50, 4}","{0.876372528096187365`8., 0.123627471903812635`8., 0, 0, 50, 4}","{0.876372528096187365`8., 0.123627471903812635`8., 0, 0, 50, 4}","{0.876372528096187365`8., 0.123627471903812635`8., 0, 0, 50, 4}","{0.00041187335100485713283185246181324836`8., 0.0000426042650997901943947352253118514`8., 0, 0.9995455223838953527`8., 37, 1}","{0.876372528096187365`8., 0.123627471903812635`8., 0, 0, 50, 4}","{0.876372528096187365`8., 0.123627471903812635`8., 0, 0, 50, 4}","{0.876372528096187365`8., 0.123627471903812635`8., 0, 0, 50, 4}","{0.876372528096187365`8., 0.123627471903812635`8., 0, 0, 50, 4}","{0.876372528096187365`8., 0.123627471903812635`8., 0, 0, 50, 4}","{0.876372528096187365`8., 0.123627471903812635`8., 0, 0, 50, 4}","{0.876372528096187365`8., 0.123627471903812635`8., 0, 0, 50, 4}","{0.876372528096187365`8., 0.123627471903812635`8., 0, 0, 50, 4}","{0.876372528096187365`8., 0.123627471903812635`8., 0, 0, 50, 4}","{0.876372528096187365`8., 0.123627471903812635`8., 0, 0, 50, 4}","{0.876372528096187365`8., 0.123627471903812635`8., 0, 0, 50, 4}","{0.876372528096187365`8., 0.123627471903812635`8., 0, 0, 50, 4}","{0.876372528096187365`8., 0.123627471903812635`8., 0, 0, 50, 4}","{0.876372528096187365`8., 0.123627471903812635`8., 0, 0, 50, 4}","{0.876372528096187365`8., 0.123627471903812635`8., 0, 0, 50, 4}","{0.876372528096187365`8., 0.123627471903812635`8., 0, 0, 50, 4}","{0.876372528096187365`8., 0.123627471903812635`8., 0, 0, 50, 4}","{0.876372528096187365`8., 0.123627471903812635`8., 0, 0, 50, 4}","{0.876372528096187365`8., 0.123627471903812635`8., 0, 0, 50, 4}","{0.876372528096187365`8., 0.123627471903812635`8., 0, 0, 50, 4}","{0.876372528096187365`8., 0.123627471903812635`8., 0, 0, 50, 4}","{0.00044372318084129703105119824304035251`8., 0.00004520781498529355923294176436902414`8., 0.9995110690041734094`8., 0, 11, 1}","{0.876372528096187365`8., 0.123627471903812635`8., 0, 0, 50, 4}","{0.876372528096187365`8., 0.123627471903812635`8., 0, 0, 50, 4}","{0.876372528096187365`8., 0.123627471903812635`8., 0, 0, 50, 4}","{0.876372528096187365`8., 0.123627471903812635`8., 0, 0, 50, 4}","{0.876372528096187365`8., 0.123627471903812635`8., 0, 0, 50, 4}"
0.004456254690668728,"{0.876372528096187365`8., 0.123627471903812635`8., 0, 0, 50, 4}","{0.876372528096187365`8., 0.123627471903812635`8., 0, 0, 50, 4}","{0.876372528096187365`8., 0.123627471903812635`8., 0, 0, 50, 4}","{0.876372528096187365`8., 0.123627471903812635`8., 0, 0, 50, 4}","{0.876372528096187365`8., 0.123627471903812635`8., 0, 0, 50, 4}","{0.876372528096187365`8., 0.123627471903812635`8., 0, 0, 50, 4}","{0.876372528096187365`8., 0.123627471903812635`8., 0, 0, 50, 4}","{0.876372528096187365`8., 0.123627471903812635`8., 0, 0, 50, 4}","{0.876372528096187365`8., 0.123627471903812635`8., 0, 0, 50, 4}","{0.876372528096187365`8., 0.123627471903812635`8., 0, 0, 50, 4}","{0.876372528096187365`8., 0.123627471903812635`8., 0, 0, 50, 4}","{0.876372528096187365`8., 0.123627471903812635`8., 0, 0, 50, 4}","{0.876372528096187365`8., 0.123627471903812635`8., 0, 0, 50, 4}","{0.876372528096187365`8., 0.123627471903812635`8., 0, 0, 50, 4}","{0.876372528096187365`8., 0.123627471903812635`8., 0, 0, 50, 4}","{0.876372528096187365`8., 0.123627471903812635`8., 0, 0, 50, 4}","{0.876372528096187365`8., 0.123627471903812635`8., 0, 0, 50, 4}","{0.876372528096187365`8., 0.123627471903812635`8., 0, 0, 50, 4}","{0.876372528096187365`8., 0.123627471903812635`8., 0, 0, 50, 4}","{0.876372528096187365`8., 0.123627471903812635`8., 0, 0, 50, 4}","{0.876372528096187365`8., 0.123627471903812635`8., 0, 0, 50, 4}","{0.876372528096187365`8., 0.123627471903812635`8., 0, 0, 50, 4}","{0.876372528096187365`8., 0.123627471903812635`8., 0, 0, 50, 4}","{0.876372528096187365`8., 0.123627471903812635`8., 0, 0, 50, 4}","{0.876372528096187365`8., 0.123627471903812635`8., 0, 0, 50, 4}","{0.876372528096187365`8., 0.123627471903812635`8., 0, 0, 50, 4}","{0.876372528096187365`8., 0.123627471903812635`8., 0, 0, 50, 4}","{0.876372528096187365`8., 0.123627471903812635`8., 0, 0, 50, 4}","{0.876372528096187365`8., 0.123627471903812635`8., 0, 0, 50, 4}","{0.876372528096187365`8., 0.123627471903812635`8., 0, 0, 50, 4}","{0.876372528096187365`8., 0.123627471903812635`8., 0, 0, 50, 4}","{0.876372528096187365`8., 0.123627471903812635`8., 0, 0, 50, 4}","{0.876372528096187365`8., 0.123627471903812635`8., 0, 0, 50, 4}","{0.876372528096187365`8., 0.123627471903812635`8., 0, 0, 50, 4}","{0.876372528096187365`8., 0.123627471903812635`8., 0, 0, 50, 4}","{0.876372528096187365`8., 0.123627471903812635`8., 0, 0, 50, 4}","{0.876372528096187365`8., 0.123627471903812635`8., 0, 0, 50, 4}","{0.876372528096187365`8., 0.123627471903812635`8., 0, 0, 50, 4}","{0.876372528096187365`8., 0.123627471903812635`8., 0, 0, 50, 4}","{0.876372528096187365`8., 0.123627471903812635`8., 0, 0, 50, 4}","{0.876372528096187365`8., 0.123627471903812635`8., 0, 0, 50, 4}","{0.876372528096187365`8., 0.123627471903812635`8., 0, 0, 50, 4}","{0.876372528096187365`8., 0.123627471903812635`8., 0, 0, 50, 4}","{0.876372528096187365`8., 0.123627471903812635`8., 0, 0, 50, 4}","{0.876372528096187365`8., 0.123627471903812635`8., 0, 0, 50, 4}","{0.876372528096187365`8., 0.123627471903812635`8., 0, 0, 50, 4}","{0.876372528096187365`8., 0.123627471903812635`8., 0, 0, 50, 4}","{0.876372528096187365`8., 0.123627471903812635`8., 0, 0, 50, 4}","{0.876372528096187365`8., 0.123627471903812635`8., 0, 0, 50, 4}","{0.876372528096187365`8., 0.123627471903812635`8., 0, 0, 50, 4}"
0.004720304381429618,"{0.876372528096187365`8., 0.123627471903812635`8., 0, 0, 50, 4}","{0.876372528096187365`8., 0.123627471903812635`8., 0, 0, 50, 4}","{0.876372528096187365`8., 0.123627471903812635`8., 0, 0, 50, 4}","{0.876372528096187365`8., 0.123627471903812635`8., 0, 0, 50, 4}","{0.876372528096187365`8., 0.123627471903812635`8., 0, 0, 50, 4}","{0.876372528096187365`8., 0.123627471903812635`8., 0, 0, 50, 4}","{0.876372528096187365`8., 0.123627471903812635`8., 0, 0, 50, 4}","{0.876372528096187365`8., 0.123627471903812635`8., 0, 0, 50, 4}","{0.00050544134180202596401309451702862804`8., 0.00005007617009854986615889521350976103`8., 0, 0.9994444824880994241`8., 7, 1}","{0.876372528096187365`8., 0.123627471903812635`8., 0, 0, 50, 4}","{0.876372528096187365`8., 0.123627471903812635`8., 0, 0, 50, 4}","{0.876372528096187365`8., 0.123627471903812635`8., 0, 0, 50, 4}","{0.876372528096187365`8., 0.123627471903812635`8., 0, 0, 50, 4}","{0.00049694482511563285538922161330725002`8., 0.00004947420661020145460889024625374466`8., 0.9994535809682741657`8., 0, 22, 1}","{0.876372528096187365`8., 0.123627471903812635`8., 0, 0, 50, 4}","{0.876372528096187365`8., 0.123627471903812635`8., 0, 0, 50, 4}","{0.876372528096187365`8., 0.123627471903812635`8., 0, 0, 50, 4}","{0.876372528096187365`8., 0.123627471903812635`8., 0, 0, 50, 4}","{0.876372528096187365`8., 0.123627471903812635`8., 0, 0, 50, 4}","{0.876372528096187365`8., 0.123627471903812635`8., 0, 0, 50, 4}","{0.876372528096187365`8., 0.123627471903812635`8., 0, 0, 50, 4}","{0.0005048466864880263516424279867567159`8., 0.00004998574980196142237754883107617429`8., 0.9994451675637100122`8., 0, 32, 1}","{0.876372528096187365`8., 0.123627471903812635`8., 0, 0, 50, 4}","{0.876372528096187365`8., 0.123627471903812635`8., 0, 0, 50, 4}","{0.00033227591029115008034529687379527642`8., 0.00003549480842662553046940257947046537`8., 0, 0.9996322292812822244`8., 34, 1}","{0.01480191629649043359597581427153549694`8., 0.0010268063373734137573701679606952829`8., 0, 0.9841712773661361526`8., 50, 5}","{0.876372528096187365`8., 0.123627471903812635`8., 0, 0, 50, 4}","{0.876372528096187365`8., 0.123627471903812635`8., 0, 0, 50, 4}","{0.876372528096187365`8., 0.123627471903812635`8., 0, 0, 50, 4}","{0.876372528096187365`8., 0.123627471903812635`8., 0, 0, 50, 4}","{0.876372528096187365`8., 0.123627471903812635`8., 0, 0, 50, 4}","{0.876372528096187365`8., 0.123627471903812635`8., 0, 0, 50, 4}","{0.876372528096187365`8., 0.123627471903812635`8., 0, 0, 50, 4}","{0.876372528096187365`8., 0.123627471903812635`8., 0, 0, 50, 4}","{0.876372528096187365`8., 0.123627471903812635`8., 0, 0, 50, 4}","{0.876372528096187365`8., 0.123627471903812635`8., 0, 0, 50, 4}","{0.876372528096187365`8., 0.123627471903812635`8., 0, 0, 50, 4}","{0.876372528096187365`8., 0.123627471903812635`8., 0, 0, 50, 4}","{0.876372528096187365`8., 0.123627471903812635`8., 0, 0, 50, 4}","{0.876372528096187365`8., 0.123627471903812635`8., 0, 0, 50, 4}","{0.876372528096187365`8., 0.123627471903812635`8., 0, 0, 50, 4}","{0.876372528096187365`8., 0.123627471903812635`8., 0, 0, 50, 4}","{0.876372528096187365`8., 0.123627471903812635`8., 0, 0, 50, 4}","{0.876372528096187365`8., 0.123627471903812635`8., 0, 0, 50, 4}","{0.876372528096187365`8., 0.123627471903812635`8., 0, 0, 50, 4}","{0.876372528096187365`8., 0.123627471903812635`8., 0, 0, 50, 4}","{0.876372528096187365`8., 0.123627471903812635`8., 0, 0, 50, 4}","{0.876372528096187365`8., 0.123627471903812635`8., 0, 0, 50, 4}","{0.876372528096187365`8., 0.123627471903812635`8., 0, 0, 50, 4}","{0.876372528096187365`8., 0.123627471903812635`8., 0, 0, 50, 4}"
0.005000000000000001,"{0.876372528096187365`8., 0.123627471903812635`8., 0, 0, 50, 4}","{0.876372528096187365`8., 0.123627471903812635`8., 0, 0, 50, 4}","{0.876372528096187365`8., 0.123627471903812635`8., 0, 0, 50, 4}","{0.876372528096187365`8., 0.123627471903812635`8., 0, 0, 50, 4}","{0.876372528096187365`8., 0.123627471903812635`8., 0, 0, 50, 4}","{0.876372528096187365`8., 0.123627471903812635`8., 0, 0, 50, 4}","{0.876372528096187365`8., 0.123627471903812635`8., 0, 0, 50, 4}","{0.876372528096187365`8., 0.123627471903812635`8., 0, 0, 50, 4}","{0.876372528096187365`8., 0.123627471903812635`8., 0, 0, 50, 4}","{0.00048570844463315067593735160654710683`8., 0.00004856870585937409160314916535522716`8., 0, 0.9994657228495074752`8., 7, 1}","{0.876372528096187365`8., 0.123627471903812635`8., 0, 0, 50, 4}","{0.876372528096187365`8., 0.123627471903812635`8., 0, 0, 50, 4}","{0.876372528096187365`8., 0.123627471903812635`8., 0, 0, 50, 4}","{0.876372528096187365`8., 0.123627471903812635`8., 0, 0, 50, 4}","{0.00041404428112458918059432202938815883`8., 0.0000428323319430202253705784278937954`8., 0, 0.9995431233869323906`8., 26, 1}","{0.876372528096187365`8., 0.123627471903812635`8., 0, 0, 50, 4}","{0.876372528096187365`8., 0.123627471903812635`8., 0, 0, 50, 4}","{0.876372528096187365`8., 0.123627471903812635`8., 0, 0, 50, 4}","{0.876372528096187365`8., 0.123627471903812635`8., 0, 0, 50, 4}","{0.876372528096187365`8., 0.123627471903812635`8., 0, 0, 50, 4}","{0.876372528096187365`8., 0.123627471903812635`8., 0, 0, 50, 4}","{0.876372528096187365`8., 0.123627471903812635`8., 0, 0, 50, 4}","{0.00048689039301249232165130195593033712`8., 0.00004875061616315725344864636502343888`8., 0.9994643589908243504`8., 0, 24, 1}","{0.876372528096187365`8., 0.123627471903812635`8., 0, 0, 50, 4}","{0.876372528096187365`8., 0.123627471903812635`8., 0, 0, 50, 4}","{0.876372528096187365`8., 0.123627471903812635`8., 0, 0, 50, 4}","{0.876372528096187365`8., 0.123627471903812635`8., 0, 0, 50, 4}","{0.876372528096187365`8., 0.123627471903812635`8., 0, 0, 50, 4}","{0.876372528096187365`8., 0.123627471903812635`8., 0, 0, 50, 4}","{0.876372528096187365`8., 0.123627471903812635`8., 0, 0, 50, 4}","{0.876372528096187365`8., 0.123627471903812635`8., 0, 0, 50, 4}","{0.876372528096187365`8., 0.123627471903812635`8., 0, 0, 50, 4}","{0.876372528096187365`8., 0.123627471903812635`8., 0, 0, 50, 4}","{0.876372528096187365`8., 0.123627471903812635`8., 0, 0, 50, 4}","{0.876372528096187365`8., 0.123627471903812635`8., 0, 0, 50, 4}","{0.876372528096187365`8., 0.123627471903812635`8., 0, 0, 50, 4}","{0.876372528096187365`8., 0.123627471903812635`8., 0, 0, 50, 4}","{0.4919612000797622659`8., 0.0442454739943234748`8., 0, 0.4637933259259142593`8., 50, 5}","{0.876372528096187365`8., 0.123627471903812635`8., 0, 0, 50, 4}","{0.876372528096187365`8., 0.123627471903812635`8., 0, 0, 50, 4}","{0.876372528096187365`8., 0.123627471903812635`8., 0, 0, 50, 4}","{0.876372528096187365`8., 0.123627471903812635`8., 0, 0, 50, 4}","{0.876372528096187365`8., 0.123627471903812635`8., 0, 0, 50, 4}","{0.876372528096187365`8., 0.123627471903812635`8., 0, 0, 50, 4}","{0.876372528096187365`8., 0.123627471903812635`8., 0, 0, 50, 4}","{0.876372528096187365`8., 0.123627471903812635`8., 0, 0, 50, 4}","{0.876372528096187365`8., 0.123627471903812635`8., 0, 0, 50, 4}","{0.876372528096187365`8., 0.123627471903812635`8., 0, 0, 50, 4}","{0.876372528096187365`8., 0.123627471903812635`8., 0, 0, 50, 4}","{0.876372528096187365`8., 0.123627471903812635`8., 0, 0, 50, 4}"
0.005296268625886445,"{0.876372528096187365`8., 0.123627471903812635`8., 0, 0, 50, 4}","{0.876372528096187365`8., 0.123627471903812635`8., 0, 0, 50, 4}","{0.876372528096187365`8., 0.123627471903812635`8., 0, 0, 50, 4}","{0.876372528096187365`8., 0.123627471903812635`8., 0, 0, 50, 4}","{0.876372528096187365`8., 0.123627471903812635`8., 0, 0, 50, 4}","{0.00047264706294905038261422429509340923`8., 0.00004762313568701866925935306767981861`8., 0, 0.9994797298013639309`8., 42, 1}","{0.876372528096187365`8., 0.123627471903812635`8., 0, 0, 50, 4}","{0.876372528096187365`8., 0.123627471903812635`8., 0, 0, 50, 4}","{0.876372528096187365`8., 0.123627471903812635`8., 0, 0, 50, 4}","{0.876372528096187365`8., 0.123627471903812635`8., 0, 0, 50, 4}","{0.876372528096187365`8., 0.123627471903812635`8., 0, 0, 50, 4}","{0.876372528096187365`8., 0.123627471903812635`8., 0, 0, 50, 4}","{0.876372528096187365`8., 0.123627471903812635`8., 0, 0, 50, 4}","{0.876372528096187365`8., 0.123627471903812635`8., 0, 0, 50, 4}","{0.876372528096187365`8., 0.123627471903812635`8., 0, 0, 50, 4}","{0.00049557628203894320804457258735075318`8., 0.00004930903631985791348716681977580548`8., 0, 0.9994551146816411989`8., 36, 1}","{0.876372528096187365`8., 0.123627471903812635`8., 0, 0, 50, 4}","{0.876372528096187365`8., 0.123627471903812635`8., 0, 0, 50, 4}","{0.876372528096187365`8., 0.123627471903812635`8., 0, 0, 50, 4}","{0.876372528096187365`8., 0.123627471903812635`8., 0, 0, 50, 4}","{0.876372528096187365`8., 0.123627471903812635`8., 0, 0, 50, 4}","{0.876372528096187365`8., 0.123627471903812635`8., 0, 0, 50, 4}","{0.876372528096187365`8., 0.123627471903812635`8., 0, 0, 50, 4}","{0.876372528096187365`8., 0.123627471903812635`8., 0, 0, 50, 4}","{0.876372528096187365`8., 0.123627471903812635`8., 0, 0, 50, 4}","{0.876372528096187365`8., 0.123627471903812635`8., 0, 0, 50, 4}","{0.876372528096187365`8., 0.123627471903812635`8., 0, 0, 50, 4}","{0.876372528096187365`8., 0.123627471903812635`8., 0, 0, 50, 4}","{0.876372528096187365`8., 0.123627471903812635`8., 0, 0, 50, 4}","{0.876372528096187365`8., 0.123627471903812635`8., 0, 0, 50, 4}","{0.876372528096187365`8., 0.123627471903812635`8., 0, 0, 50, 4}","{0.876372528096187365`8., 0.123627471903812635`8., 0, 0, 50, 4}","{0.876372528096187365`8., 0.123627471903812635`8., 0, 0, 50, 4}","{0.876372528096187365`8., 0.123627471903812635`8., 0, 0, 50, 4}","{0.876372528096187365`8., 0.123627471903812635`8., 0, 0, 50, 4}","{0.876372528096187365`8., 0.123627471903812635`8., 0, 0, 50, 4}","{0.876372528096187365`8., 0.123627471903812635`8., 0, 0, 50, 4}","{0.876372528096187365`8., 0.123627471903812635`8., 0, 0, 50, 4}","{0.876372528096187365`8., 0.123627471903812635`8., 0, 0, 50, 4}","{0.876372528096187365`8., 0.123627471903812635`8., 0, 0, 50, 4}","{0.876372528096187365`8., 0.123627471903812635`8., 0, 0, 50, 4}","{0.876372528096187365`8., 0.123627471903812635`8., 0, 0, 50, 4}","{0.876372528096187365`8., 0.123627471903812635`8., 0, 0, 50, 4}","{0.876372528096187365`8., 0.123627471903812635`8., 0, 0, 50, 4}","{0.876372528096187365`8., 0.123627471903812635`8., 0, 0, 50, 4}","{0.876372528096187365`8., 0.123627471903812635`8., 0, 0, 50, 4}","{0.876372528096187365`8., 0.123627471903812635`8., 0, 0, 50, 4}","{0.876372528096187365`8., 0.123627471903812635`8., 0, 0, 50, 4}","{0.00049952653489210064995340316592477552`8., 0.00004963824101968865016079248028331516`8., 0, 0.9994508352240882107`8., 25, 1}","{0.876372528096187365`8., 0.123627471903812635`8., 0, 0, 50, 4}"
0.005610092271509818,"{0.876372528096187365`8., 0.123627471903812635`8., 0, 0, 50, 4}","{0.876372528096187365`8., 0.123627471903812635`8., 0, 0, 50, 4}","{0.876372528096187365`8., 0.123627471903812635`8., 0, 0, 50, 4}","{0.876372528096187365`8., 0.123627471903812635`8., 0, 0, 50, 4}","{0.876372528096187365`8., 0.123627471903812635`8., 0, 0, 50, 4}","{0.876372528096187365`8., 0.123627471903812635`8., 0, 0, 50, 4}","{0.876372528096187365`8., 0.123627471903812635`8., 0, 0, 50, 4}","{0.876372528096187365`8., 0.123627471903812635`8., 0, 0, 50, 4}","{0.876372528096187365`8., 0.123627471903812635`8., 0, 0, 50, 4}","{0.876372528096187365`8., 0.123627471903812635`8., 0, 0, 50, 4}","{0.876372528096187365`8., 0.123627471903812635`8., 0, 0, 50, 4}","{0.876372528096187365`8., 0.123627471903812635`8., 0, 0, 50, 4}","{0.876372528096187365`8., 0.123627471903812635`8., 0, 0, 50, 4}","{0.876372528096187365`8., 0.123627471903812635`8., 0, 0, 50, 4}","{0.876372528096187365`8., 0.123627471903812635`8., 0, 0, 50, 4}","{0.876372528096187365`8., 0.123627471903812635`8., 0, 0, 50, 4}","{0.876372528096187365`8., 0.123627471903812635`8., 0, 0, 50, 4}","{0.876372528096187365`8., 0.123627471903812635`8., 0, 0, 50, 4}","{0.876372528096187365`8., 0.123627471903812635`8., 0, 0, 50, 4}","{0.876372528096187365`8., 0.123627471903812635`8., 0, 0, 50, 4}","{0.876372528096187365`8., 0.123627471903812635`8., 0, 0, 50, 4}","{0.876372528096187365`8., 0.123627471903812635`8., 0, 0, 50, 4}","{0.876372528096187365`8., 0.123627471903812635`8., 0, 0, 50, 4}","{0.876372528096187365`8., 0.123627471903812635`8., 0, 0, 50, 4}","{0.876372528096187365`8., 0.123627471903812635`8., 0, 0, 50, 4}","{0.876372528096187365`8., 0.123627471903812635`8., 0, 0, 50, 4}","{0.876372528096187365`8., 0.123627471903812635`8., 0, 0, 50, 4}","{0.876372528096187365`8., 0.123627471903812635`8., 0, 0, 50, 4}","{0.876372528096187365`8., 0.123627471903812635`8., 0, 0, 50, 4}","{0.876372528096187365`8., 0.123627471903812635`8., 0, 0, 50, 4}","{0.876372528096187365`8., 0.123627471903812635`8., 0, 0, 50, 4}","{0.00050711921554895835010462030524847156`8., 0.00005007289560494996531079041414942806`8., 0, 0.9994428078888460917`8., 40, 1}","{0.876372528096187365`8., 0.123627471903812635`8., 0, 0, 50, 4}","{0.876372528096187365`8., 0.123627471903812635`8., 0, 0, 50, 4}","{0.00048797899566723663302602224959290132`8., 0.00004875284131492791927481929168957236`8., 0, 0.9994632681630178355`8., 19, 1}","{0.876372528096187365`8., 0.123627471903812635`8., 0, 0, 50, 4}","{0.876372528096187365`8., 0.123627471903812635`8., 0, 0, 50, 4}","{0.876372528096187365`8., 0.123627471903812635`8., 0, 0, 50, 4}","{0.876372528096187365`8., 0.123627471903812635`8., 0, 0, 50, 4}","{0.876372528096187365`8., 0.123627471903812635`8., 0, 0, 50, 4}","{0.876372528096187365`8., 0.123627471903812635`8., 0, 0, 50, 4}","{0.876372528096187365`8., 0.123627471903812635`8., 0, 0, 50, 4}","{0.876372528096187365`8., 0.123627471903812635`8., 0, 0, 50, 4}","{0.876372528096187365`8., 0.123627471903812635`8., 0, 0, 50, 4}","{0.876372528096187365`8., 0.123627471903812635`8., 0, 0, 50, 4}","{0.876372528096187365`8., 0.123627471903812635`8., 0, 0, 50, 4}","{0.876372528096187365`8., 0.123627471903812635`8., 0, 0, 50, 4}","{0.876372528096187365`8., 0.123627471903812635`8., 0, 0, 50, 4}","{0.876372528096187365`8., 0.123627471903812635`8., 0, 0, 50, 4}","{0.876372528096187365`8., 0.123627471903812635`8., 0, 0, 50, 4}"
0.005942511137185092,"{0.876372528096187365`8., 0.123627471903812635`8., 0, 0, 50, 4}","{0.876372528096187365`8., 0.123627471903812635`8., 0, 0, 50, 4}","{0.876372528096187365`8., 0.123627471903812635`8., 0, 0, 50, 4}","{0.876372528096187365`8., 0.123627471903812635`8., 0, 0, 50, 4}","{0.876372528096187365`8., 0.123627471903812635`8., 0, 0, 50, 4}","{0.876372528096187365`8., 0.123627471903812635`8., 0, 0, 50, 4}","{0.876372528096187365`8., 0.123627471903812635`8., 0, 0, 50, 4}","{0.876372528096187365`8., 0.123627471903812635`8., 0, 0, 50, 4}","{0.876372528096187365`8., 0.123627471903812635`8., 0, 0, 50, 4}","{0.876372528096187365`8., 0.123627471903812635`8., 0, 0, 50, 4}","{0.876372528096187365`8., 0.123627471903812635`8., 0, 0, 50, 4}","{0.876372528096187365`8., 0.123627471903812635`8., 0, 0, 50, 4}","{0.876372528096187365`8., 0.123627471903812635`8., 0, 0, 50, 4}","{0.876372528096187365`8., 0.123627471903812635`8., 0, 0, 50, 4}","{0.876372528096187365`8., 0.123627471903812635`8., 0, 0, 50, 4}","{0.876372528096187365`8., 0.123627471903812635`8., 0, 0, 50, 4}","{0.876372528096187365`8., 0.123627471903812635`8., 0, 0, 50, 4}","{0.876372528096187365`8., 0.123627471903812635`8., 0, 0, 50, 4}","{0.876372528096187365`8., 0.123627471903812635`8., 0, 0, 50, 4}","{0.876372528096187365`8., 0.123627471903812635`8., 0, 0, 50, 4}","{0.876372528096187365`8., 0.123627471903812635`8., 0, 0, 50, 4}","{0.876372528096187365`8., 0.123627471903812635`8., 0, 0, 50, 4}","{0.876372528096187365`8., 0.123627471903812635`8., 0, 0, 50, 4}","{0.876372528096187365`8., 0.123627471903812635`8., 0, 0, 50, 4}","{0.876372528096187365`8., 0.123627471903812635`8., 0, 0, 50, 4}","{0.876372528096187365`8., 0.123627471903812635`8., 0, 0, 50, 4}","{0.876372528096187365`8., 0.123627471903812635`8., 0, 0, 50, 4}","{0.876372528096187365`8., 0.123627471903812635`8., 0, 0, 50, 4}","{0.876372528096187365`8., 0.123627471903812635`8., 0, 0, 50, 4}","{0.876372528096187365`8., 0.123627471903812635`8., 0, 0, 50, 4}","{0.876372528096187365`8., 0.123627471903812635`8., 0, 0, 50, 4}","{0.876372528096187365`8., 0.123627471903812635`8., 0, 0, 50, 4}","{0.876372528096187365`8., 0.123627471903812635`8., 0, 0, 50, 4}","{0.876372528096187365`8., 0.123627471903812635`8., 0, 0, 50, 4}","{0.876372528096187365`8., 0.123627471903812635`8., 0, 0, 50, 4}","{0.876372528096187365`8., 0.123627471903812635`8., 0, 0, 50, 4}","{0.876372528096187365`8., 0.123627471903812635`8., 0, 0, 50, 4}","{0.00048159650710752178851295218664334863`8., 0.00004828525895739062916802549163816234`8., 0, 0.9994701182339350876`8., 16, 1}","{0.00050691769637462977598306222387005588`8., 0.00005019071253406410531519391106140136`8., 0, 0.9994428915910913061`8., 22, 1}","{0.876372528096187365`8., 0.123627471903812635`8., 0, 0, 50, 4}","{0.876372528096187365`8., 0.123627471903812635`8., 0, 0, 50, 4}","{0.876372528096187365`8., 0.123627471903812635`8., 0, 0, 50, 4}","{0.876372528096187365`8., 0.123627471903812635`8., 0, 0, 50, 4}","{0.876372528096187365`8., 0.123627471903812635`8., 0, 0, 50, 4}","{0.876372528096187365`8., 0.123627471903812635`8., 0, 0, 50, 4}","{0.876372528096187365`8., 0.123627471903812635`8., 0, 0, 50, 4}","{0.876372528096187365`8., 0.123627471903812635`8., 0, 0, 50, 4}","{0.876372528096187365`8., 0.123627471903812635`8., 0, 0, 50, 4}","{0.876372528096187365`8., 0.123627471903812635`8., 0, 0, 50, 4}","{0.876372528096187365`8., 0.123627471903812635`8., 0, 0, 50, 4}"
0.006294627058970837,"{0.876372528096187365`8., 0.123627471903812635`8., 0, 0, 50, 4}","{0.876372528096187365`8., 0.123627471903812635`8., 0, 0, 50, 4}","{0.876372528096187365`8., 0.123627471903812635`8., 0, 0, 50, 4}","{0.876372528096187365`8., 0.123627471903812635`8., 0, 0, 50, 4}","{0.876372528096187365`8., 0.123627471903812635`8., 0, 0, 50, 4}","{0.876372528096187365`8., 0.123627471903812635`8., 0, 0, 50, 4}","{0.876372528096187365`8., 0.123627471903812635`8., 0, 0, 50, 4}","{0.876372528096187365`8., 0.123627471903812635`8., 0, 0, 50, 4}","{0.876372528096187365`8., 0.123627471903812635`8., 0, 0, 50, 4}","{0.876372528096187365`8., 0.123627471903812635`8., 0, 0, 50, 4}","{0.876372528096187365`8., 0.123627471903812635`8., 0, 0, 50, 4}","{0.876372528096187365`8., 0.123627471903812635`8., 0, 0, 50, 4}","{0.876372528096187365`8., 0.123627471903812635`8., 0, 0, 50, 4}","{0.876372528096187365`8., 0.123627471903812635`8., 0, 0, 50, 4}","{0.876372528096187365`8., 0.123627471903812635`8., 0, 0, 50, 4}","{0.876372528096187365`8., 0.123627471903812635`8., 0, 0, 50, 4}","{0.876372528096187365`8., 0.123627471903812635`8., 0, 0, 50, 4}","{0.876372528096187365`8., 0.123627471903812635`8., 0, 0, 50, 4}","{0.876372528096187365`8., 0.123627471903812635`8., 0, 0, 50, 4}","{0.876372528096187365`8., 0.123627471903812635`8., 0, 0, 50, 4}","{0.876372528096187365`8., 0.123627471903812635`8., 0, 0, 50, 4}","{0.876372528096187365`8., 0.123627471903812635`8., 0, 0, 50, 4}","{0.00043879204734576548482774658610060215`8., 0.0000449094642866697215562681839782291`8., 0, 0.9995162984883675648`8., 33, 1}","{0.876372528096187365`8., 0.123627471903812635`8., 0, 0, 50, 4}","{0.876372528096187365`8., 0.123627471903812635`8., 0, 0, 50, 4}","{0.876372528096187365`8., 0.123627471903812635`8., 0, 0, 50, 4}","{0.876372528096187365`8., 0.123627471903812635`8., 0, 0, 50, 4}","{0.876372528096187365`8., 0.123627471903812635`8., 0, 0, 50, 4}","{0.876372528096187365`8., 0.123627471903812635`8., 0, 0, 50, 4}","{0.876372528096187365`8., 0.123627471903812635`8., 0, 0, 50, 4}","{0.876372528096187365`8., 0.123627471903812635`8., 0, 0, 50, 4}","{0.876372528096187365`8., 0.123627471903812635`8., 0, 0, 50, 4}","{0.876372528096187365`8., 0.123627471903812635`8., 0, 0, 50, 4}","{0.876372528096187365`8., 0.123627471903812635`8., 0, 0, 50, 4}","{0.876372528096187365`8., 0.123627471903812635`8., 0, 0, 50, 4}","{0.876372528096187365`8., 0.123627471903812635`8., 0, 0, 50, 4}","{0.876372528096187365`8., 0.123627471903812635`8., 0, 0, 50, 4}","{0.876372528096187365`8., 0.123627471903812635`8., 0, 0, 50, 4}","{0.876372528096187365`8., 0.123627471903812635`8., 0, 0, 50, 4}","{0.876372528096187365`8., 0.123627471903812635`8., 0, 0, 50, 4}","{0.876372528096187365`8., 0.123627471903812635`8., 0, 0, 50, 4}","{0.876372528096187365`8., 0.123627471903812635`8., 0, 0, 50, 4}","{0.876372528096187365`8., 0.123627471903812635`8., 0, 0, 50, 4}","{0.876372528096187365`8., 0.123627471903812635`8., 0, 0, 50, 4}","{0.876372528096187365`8., 0.123627471903812635`8., 0, 0, 50, 4}","{0.876372528096187365`8., 0.123627471903812635`8., 0, 0, 50, 4}","{0.876372528096187365`8., 0.123627471903812635`8., 0, 0, 50, 4}","{0.876372528096187365`8., 0.123627471903812635`8., 0, 0, 50, 4}","{0.876372528096187365`8., 0.123627471903812635`8., 0, 0, 50, 4}","{0.876372528096187365`8., 0.123627471903812635`8., 0, 0, 50, 4}"
0.006667607160816621,"{0.876372528096187365`8., 0.123627471903812635`8., 0, 0, 50, 4}","{0.876372528096187365`8., 0.123627471903812635`8., 0, 0, 50, 4}","{0.876372528096187365`8., 0.123627471903812635`8., 0, 0, 50, 4}","{0.876372528096187365`8., 0.123627471903812635`8., 0, 0, 50, 4}","{0.876372528096187365`8., 0.123627471903812635`8., 0, 0, 50, 4}","{0.876372528096187365`8., 0.123627471903812635`8., 0, 0, 50, 4}","{0.876372528096187365`8., 0.123627471903812635`8., 0, 0, 50, 4}","{0.876372528096187365`8., 0.123627471903812635`8., 0, 0, 50, 4}","{0.876372528096187365`8., 0.123627471903812635`8., 0, 0, 50, 4}","{0.876372528096187365`8., 0.123627471903812635`8., 0, 0, 50, 4}","{0.876372528096187365`8., 0.123627471903812635`8., 0, 0, 50, 4}","{0.876372528096187365`8., 0.123627471903812635`8., 0, 0, 50, 4}","{0.876372528096187365`8., 0.123627471903812635`8., 0, 0, 50, 4}","{0.876372528096187365`8., 0.123627471903812635`8., 0, 0, 50, 4}","{0.876372528096187365`8., 0.123627471903812635`8., 0, 0, 50, 4}","{0.876372528096187365`8., 0.123627471903812635`8., 0, 0, 50, 4}","{0.876372528096187365`8., 0.123627471903812635`8., 0, 0, 50, 4}","{0.876372528096187365`8., 0.123627471903812635`8., 0, 0, 50, 4}","{0.876372528096187365`8., 0.123627471903812635`8., 0, 0, 50, 4}","{0.876372528096187365`8., 0.123627471903812635`8., 0, 0, 50, 4}","{0.876372528096187365`8., 0.123627471903812635`8., 0, 0, 50, 4}","{0.876372528096187365`8., 0.123627471903812635`8., 0, 0, 50, 4}","{0.876372528096187365`8., 0.123627471903812635`8., 0, 0, 50, 4}","{0.876372528096187365`8., 0.123627471903812635`8., 0, 0, 50, 4}","{0.876372528096187365`8., 0.123627471903812635`8., 0, 0, 50, 4}","{0.876372528096187365`8., 0.123627471903812635`8., 0, 0, 50, 4}","{0.876372528096187365`8., 0.123627471903812635`8., 0, 0, 50, 4}","{0.876372528096187365`8., 0.123627471903812635`8., 0, 0, 50, 4}","{0.876372528096187365`8., 0.123627471903812635`8., 0, 0, 50, 4}","{0.876372528096187365`8., 0.123627471903812635`8., 0, 0, 50, 4}","{0.876372528096187365`8., 0.123627471903812635`8., 0, 0, 50, 4}","{0.876372528096187365`8., 0.123627471903812635`8., 0, 0, 50, 4}","{0.876372528096187365`8., 0.123627471903812635`8., 0, 0, 50, 4}","{0.876372528096187365`8., 0.123627471903812635`8., 0, 0, 50, 4}","{0.876372528096187365`8., 0.123627471903812635`8., 0, 0, 50, 4}","{0.876372528096187365`8., 0.123627471903812635`8., 0, 0, 50, 4}","{0.876372528096187365`8., 0.123627471903812635`8., 0, 0, 50, 4}","{0.876372528096187365`8., 0.123627471903812635`8., 0, 0, 50, 4}","{0.876372528096187365`8., 0.123627471903812635`8., 0, 0, 50, 4}","{0.876372528096187365`8., 0.123627471903812635`8., 0, 0, 50, 4}","{0.876372528096187365`8., 0.123627471903812635`8., 0, 0, 50, 4}","{0.876372528096187365`8., 0.123627471903812635`8., 0, 0, 50, 4}","{0.876372528096187365`8., 0.123627471903812635`8., 0, 0, 50, 4}","{0.876372528096187365`8., 0.123627471903812635`8., 0, 0, 50, 4}","{0.876372528096187365`8., 0.123627471903812635`8., 0, 0, 50, 4}","{0.876372528096187365`8., 0.123627471903812635`8., 0, 0, 50, 4}","{0.876372528096187365`8., 0.123627471903812635`8., 0, 0, 50, 4}","{0.876372528096187365`8., 0.123627471903812635`8., 0, 0, 50, 4}","{0.876372528096187365`8., 0.123627471903812635`8., 0, 0, 50, 4}","{0.876372528096187365`8., 0.123627471903812635`8., 0, 0, 50, 4}"
0.007062687723113772,"{0.876372528096187365`8., 0.123627471903812635`8., 0, 0, 50, 4}","{0.876372528096187365`8., 0.123627471903812635`8., 0, 0, 50, 4}","{0.876372528096187365`8., 0.123627471903812635`8., 0, 0, 50, 4}","{0.876372528096187365`8., 0.123627471903812635`8., 0, 0, 50, 4}","{0.876372528096187365`8., 0.123627471903812635`8., 0, 0, 50, 4}","{0.876372528096187365`8., 0.123627471903812635`8., 0, 0, 50, 4}","{0.876372528096187365`8., 0.123627471903812635`8., 0, 0, 50, 4}","{0.876372528096187365`8., 0.123627471903812635`8., 0, 0, 50, 4}","{0.876372528096187365`8., 0.123627471903812635`8., 0, 0, 50, 4}","{0.876372528096187365`8., 0.123627471903812635`8., 0, 0, 50, 4}","{0.876372528096187365`8., 0.123627471903812635`8., 0, 0, 50, 4}","{0.876372528096187365`8., 0.123627471903812635`8., 0, 0, 50, 4}","{0.4815413921577827956`8., 0.042924764848197299`8., 0.4755338429940199053`8., 0, 50, 5}","{0.876372528096187365`8., 0.123627471903812635`8., 0, 0, 50, 4}","{0.876372528096187365`8., 0.123627471903812635`8., 0, 0, 50, 4}","{0.876372528096187365`8., 0.123627471903812635`8., 0, 0, 50, 4}","{0.876372528096187365`8., 0.123627471903812635`8., 0, 0, 50, 4}","{0.876372528096187365`8., 0.123627471903812635`8., 0, 0, 50, 4}","{0.876372528096187365`8., 0.123627471903812635`8., 0, 0, 50, 4}","{0.876372528096187365`8., 0.123627471903812635`8., 0, 0, 50, 4}","{0.876372528096187365`8., 0.123627471903812635`8., 0, 0, 50, 4}","{0.876372528096187365`8., 0.123627471903812635`8., 0, 0, 50, 4}","{0.876372528096187365`8., 0.123627471903812635`8., 0, 0, 50, 4}","{0.876372528096187365`8., 0.123627471903812635`8., 0, 0, 50, 4}","{0.876372528096187365`8., 0.123627471903812635`8., 0, 0, 50, 4}","{0.876372528096187365`8., 0.123627471903812635`8., 0, 0, 50, 4}","{0.876372528096187365`8., 0.123627471903812635`8., 0, 0, 50, 4}","{0.876372528096187365`8., 0.123627471903812635`8., 0, 0, 50, 4}","{0.876372528096187365`8., 0.123627471903812635`8., 0, 0, 50, 4}","{0.876372528096187365`8., 0.123627471903812635`8., 0, 0, 50, 4}","{0.876372528096187365`8., 0.123627471903812635`8., 0, 0, 50, 4}","{0.876372528096187365`8., 0.123627471903812635`8., 0, 0, 50, 4}","{0.876372528096187365`8., 0.123627471903812635`8., 0, 0, 50, 4}","{0.876372528096187365`8., 0.123627471903812635`8., 0, 0, 50, 4}","{0.876372528096187365`8., 0.123627471903812635`8., 0, 0, 50, 4}","{0.876372528096187365`8., 0.123627471903812635`8., 0, 0, 50, 4}","{0.876372528096187365`8., 0.123627471903812635`8., 0, 0, 50, 4}","{0.876372528096187365`8., 0.123627471903812635`8., 0, 0, 50, 4}","{0.876372528096187365`8., 0.123627471903812635`8., 0, 0, 50, 4}","{0.876372528096187365`8., 0.123627471903812635`8., 0, 0, 50, 4}","{0.876372528096187365`8., 0.123627471903812635`8., 0, 0, 50, 4}","{0.876372528096187365`8., 0.123627471903812635`8., 0, 0, 50, 4}","{0.00049741665602216141266209534032924481`8., 0.00004952368923802819407307525146055436`8., 0.9994530596547398104`8., 0, 23, 1}","{0.876372528096187365`8., 0.123627471903812635`8., 0, 0, 50, 4}","{0.876372528096187365`8., 0.123627471903812635`8., 0, 0, 50, 4}","{0.876372528096187365`8., 0.123627471903812635`8., 0, 0, 50, 4}","{0.876372528096187365`8., 0.123627471903812635`8., 0, 0, 50, 4}","{0.0004344494948404533857559667508217065`8., 0.00004445961618075302396925979752564757`8., 0.9995210908889787936`8., 0, 48, 1}","{0.876372528096187365`8., 0.123627471903812635`8., 0, 0, 50, 4}","{0.876372528096187365`8., 0.123627471903812635`8., 0, 0, 50, 4}"
0.007481178280472169,"{0.876372528096187365`8., 0.123627471903812635`8., 0, 0, 50, 4}","{0.876372528096187365`8., 0.123627471903812635`8., 0, 0, 50, 4}","{0.00048582561650675359725152133018540931`8., 0.00004851771325523726123646162930752131`8., 0.9994656566702380091`8., 0, 42, 1}","{0.876372528096187365`8., 0.123627471903812635`8., 0, 0, 50, 4}","{0.876372528096187365`8., 0.123627471903812635`8., 0, 0, 50, 4}","{0.876372528096187365`8., 0.123627471903812635`8., 0, 0, 50, 4}","{0.876372528096187365`8., 0.123627471903812635`8., 0, 0, 50, 4}","{0.876372528096187365`8., 0.123627471903812635`8., 0, 0, 50, 4}","{0.876372528096187365`8., 0.123627471903812635`8., 0, 0, 50, 4}","{0.876372528096187365`8., 0.123627471903812635`8., 0, 0, 50, 4}","{0.876372528096187365`8., 0.123627471903812635`8., 0, 0, 50, 4}","{0.876372528096187365`8., 0.123627471903812635`8., 0, 0, 50, 4}","{0.876372528096187365`8., 0.123627471903812635`8., 0, 0, 50, 4}","{0.876372528096187365`8., 0.123627471903812635`8., 0, 0, 50, 4}","{0.876372528096187365`8., 0.123627471903812635`8., 0, 0, 50, 4}","{0.00045373472980407257839532535161182391`8., 0.00004597967294242542078437121685478454`8., 0.999500285597253502`8., 0, 30, 1}","{0.876372528096187365`8., 0.123627471903812635`8., 0, 0, 50, 4}","{0.876372528096187365`8., 0.123627471903812635`8., 0, 0, 50, 4}","{0.876372528096187365`8., 0.123627471903812635`8., 0, 0, 50, 4}","{0.876372528096187365`8., 0.123627471903812635`8., 0, 0, 50, 4}","{0.876372528096187365`8., 0.123627471903812635`8., 0, 0, 50, 4}","{0.876372528096187365`8., 0.123627471903812635`8., 0, 0, 50, 4}","{0.876372528096187365`8., 0.123627471903812635`8., 0, 0, 50, 4}","{0.876372528096187365`8., 0.123627471903812635`8., 0, 0, 50, 4}","{0.876372528096187365`8., 0.123627471903812635`8., 0, 0, 50, 4}","{0.876372528096187365`8., 0.123627471903812635`8., 0, 0, 50, 4}","{0.876372528096187365`8., 0.123627471903812635`8., 0, 0, 50, 4}","{0.876372528096187365`8., 0.123627471903812635`8., 0, 0, 50, 4}","{0.876372528096187365`8., 0.123627471903812635`8., 0, 0, 50, 4}","{0.876372528096187365`8., 0.123627471903812635`8., 0, 0, 50, 4}","{0.876372528096187365`8., 0.123627471903812635`8., 0, 0, 50, 4}","{0.876372528096187365`8., 0.123627471903812635`8., 0, 0, 50, 4}","{0.876372528096187365`8., 0.123627471903812635`8., 0, 0, 50, 4}","{0.876372528096187365`8., 0.123627471903812635`8., 0, 0, 50, 4}","{0.876372528096187365`8., 0.123627471903812635`8., 0, 0, 50, 4}","{0.876372528096187365`8., 0.123627471903812635`8., 0, 0, 50, 4}","{0.876372528096187365`8., 0.123627471903812635`8., 0, 0, 50, 4}","{0.876372528096187365`8., 0.123627471903812635`8., 0, 0, 50, 4}","{0.876372528096187365`8., 0.123627471903812635`8., 0, 0, 50, 4}","{0.876372528096187365`8., 0.123627471903812635`8., 0, 0, 50, 4}","{0.00049863957576424297297082270103646514`8., 0.00004958224388089457778357608240094461`8., 0, 0.9994517781803548624`8., 6, 1}","{0.876372528096187365`8., 0.123627471903812635`8., 0, 0, 50, 4}","{0.876372528096187365`8., 0.123627471903812635`8., 0, 0, 50, 4}","{0.876372528096187365`8., 0.123627471903812635`8., 0, 0, 50, 4}","{0.876372528096187365`8., 0.123627471903812635`8., 0, 0, 50, 4}","{0.876372528096187365`8., 0.123627471903812635`8., 0, 0, 50, 4}","{0.876372528096187365`8., 0.123627471903812635`8., 0, 0, 50, 4}","{0.876372528096187365`8., 0.123627471903812635`8., 0, 0, 50, 4}","{0.876372528096187365`8., 0.123627471903812635`8., 0, 0, 50, 4}","{0.876372528096187365`8., 0.123627471903812635`8., 0, 0, 50, 4}"
0.007924465962305569,"{0.876372528096187365`8., 0.123627471903812635`8., 0, 0, 50, 4}","{0.876372528096187365`8., 0.123627471903812635`8., 0, 0, 50, 4}","{0.876372528096187365`8., 0.123627471903812635`8., 0, 0, 50, 4}","{0.876372528096187365`8., 0.123627471903812635`8., 0, 0, 50, 4}","{0.876372528096187365`8., 0.123627471903812635`8., 0, 0, 50, 4}","{0.876372528096187365`8., 0.123627471903812635`8., 0, 0, 50, 4}","{0.876372528096187365`8., 0.123627471903812635`8., 0, 0, 50, 4}","{0.876372528096187365`8., 0.123627471903812635`8., 0, 0, 50, 4}","{0.00042264578242462107433380239065259619`8., 0.00004355692637314879160403679435749736`8., 0, 0.9995337972912022301`8., 15, 1}","{0.876372528096187365`8., 0.123627471903812635`8., 0, 0, 50, 4}","{0.876372528096187365`8., 0.123627471903812635`8., 0, 0, 50, 4}","{0.876372528096187365`8., 0.123627471903812635`8., 0, 0, 50, 4}","{0.876372528096187365`8., 0.123627471903812635`8., 0, 0, 50, 4}","{0.876372528096187365`8., 0.123627471903812635`8., 0, 0, 50, 4}","{0.876372528096187365`8., 0.123627471903812635`8., 0, 0, 50, 4}","{0.876372528096187365`8., 0.123627471903812635`8., 0, 0, 50, 4}","{0.876372528096187365`8., 0.123627471903812635`8., 0, 0, 50, 4}","{0.876372528096187365`8., 0.123627471903812635`8., 0, 0, 50, 4}","{0.876372528096187365`8., 0.123627471903812635`8., 0, 0, 50, 4}","{0.876372528096187365`8., 0.123627471903812635`8., 0, 0, 50, 4}","{0.876372528096187365`8., 0.123627471903812635`8., 0, 0, 50, 4}","{0.876372528096187365`8., 0.123627471903812635`8., 0, 0, 50, 4}","{0.876372528096187365`8., 0.123627471903812635`8., 0, 0, 50, 4}","{0.876372528096187365`8., 0.123627471903812635`8., 0, 0, 50, 4}","{0.876372528096187365`8., 0.123627471903812635`8., 0, 0, 50, 4}","{0.876372528096187365`8., 0.123627471903812635`8., 0, 0, 50, 4}","{0.876372528096187365`8., 0.123627471903812635`8., 0, 0, 50, 4}","{0.876372528096187365`8., 0.123627471903812635`8., 0, 0, 50, 4}","{0.876372528096187365`8., 0.123627471903812635`8., 0, 0, 50, 4}","{0.876372528096187365`8., 0.123627471903812635`8., 0, 0, 50, 4}","{0.876372528096187365`8., 0.123627471903812635`8., 0, 0, 50, 4}","{0.876372528096187365`8., 0.123627471903812635`8., 0, 0, 50, 4}","{0.876372528096187365`8., 0.123627471903812635`8., 0, 0, 50, 4}","{0.876372528096187365`8., 0.123627471903812635`8., 0, 0, 50, 4}","{0.00047339686298208092820440522955369289`8., 0.00004767272978345742220012715040931622`8., 0.9994789304072344617`8., 0, 37, 1}","{0.876372528096187365`8., 0.123627471903812635`8., 0, 0, 50, 4}","{0.876372528096187365`8., 0.123627471903812635`8., 0, 0, 50, 4}","{0.876372528096187365`8., 0.123627471903812635`8., 0, 0, 50, 4}","{0.876372528096187365`8., 0.123627471903812635`8., 0, 0, 50, 4}","{0.876372528096187365`8., 0.123627471903812635`8., 0, 0, 50, 4}","{0.876372528096187365`8., 0.123627471903812635`8., 0, 0, 50, 4}","{0.876372528096187365`8., 0.123627471903812635`8., 0, 0, 50, 4}","{0.876372528096187365`8., 0.123627471903812635`8., 0, 0, 50, 4}","{0.876372528096187365`8., 0.123627471903812635`8., 0, 0, 50, 4}","{0.876372528096187365`8., 0.123627471903812635`8., 0, 0, 50, 4}","{0.876372528096187365`8., 0.123627471903812635`8., 0, 0, 50, 4}","{0.876372528096187365`8., 0.123627471903812635`8., 0, 0, 50, 4}","{0.876372528096187365`8., 0.123627471903812635`8., 0, 0, 50, 4}","{0.876372528096187365`8., 0.123627471903812635`8., 0, 0, 50, 4}","{0.876372528096187365`8., 0.123627471903812635`8., 0, 0, 50, 4}"
0.008394020090612802,"{0.876372528096187365`8., 0.123627471903812635`8., 0, 0, 50, 4}","{0.876372528096187365`8., 0.123627471903812635`8., 0, 0, 50, 4}","{0.876372528096187365`8., 0.123627471903812635`8., 0, 0, 50, 4}","{0.876372528096187365`8., 0.123627471903812635`8., 0, 0, 50, 4}","{0.876372528096187365`8., 0.123627471903812635`8., 0, 0, 50, 4}","{0.876372528096187365`8., 0.123627471903812635`8., 0, 0, 50, 4}","{0.876372528096187365`8., 0.123627471903812635`8., 0, 0, 50, 4}","{0.876372528096187365`8., 0.123627471903812635`8., 0, 0, 50, 4}","{0.876372528096187365`8., 0.123627471903812635`8., 0, 0, 50, 4}","{0.876372528096187365`8., 0.123627471903812635`8., 0, 0, 50, 4}","{0.876372528096187365`8., 0.123627471903812635`8., 0, 0, 50, 4}","{0.876372528096187365`8., 0.123627471903812635`8., 0, 0, 50, 4}","{0.876372528096187365`8., 0.123627471903812635`8., 0, 0, 50, 4}","{0.876372528096187365`8., 0.123627471903812635`8., 0, 0, 50, 4}","{0.876372528096187365`8., 0.123627471903812635`8., 0, 0, 50, 4}","{0.876372528096187365`8., 0.123627471903812635`8., 0, 0, 50, 4}","{0.876372528096187365`8., 0.123627471903812635`8., 0, 0, 50, 4}","{0.876372528096187365`8., 0.123627471903812635`8., 0, 0, 50, 4}","{0.876372528096187365`8., 0.123627471903812635`8., 0, 0, 50, 4}","{0.876372528096187365`8., 0.123627471903812635`8., 0, 0, 50, 4}","{0.876372528096187365`8., 0.123627471903812635`8., 0, 0, 50, 4}","{0.876372528096187365`8., 0.123627471903812635`8., 0, 0, 50, 4}","{0.876372528096187365`8., 0.123627471903812635`8., 0, 0, 50, 4}","{0.876372528096187365`8., 0.123627471903812635`8., 0, 0, 50, 4}","{0.876372528096187365`8., 0.123627471903812635`8., 0, 0, 50, 4}","{0.876372528096187365`8., 0.123627471903812635`8., 0, 0, 50, 4}","{0.876372528096187365`8., 0.123627471903812635`8., 0, 0, 50, 4}","{0.876372528096187365`8., 0.123627471903812635`8., 0, 0, 50, 4}","{0.876372528096187365`8., 0.123627471903812635`8., 0, 0, 50, 4}","{0.876372528096187365`8., 0.123627471903812635`8., 0, 0, 50, 4}","{0.876372528096187365`8., 0.123627471903812635`8., 0, 0, 50, 4}","{0.876372528096187365`8., 0.123627471903812635`8., 0, 0, 50, 4}","{0.876372528096187365`8., 0.123627471903812635`8., 0, 0, 50, 4}","{0.876372528096187365`8., 0.123627471903812635`8., 0, 0, 50, 4}","{0.876372528096187365`8., 0.123627471903812635`8., 0, 0, 50, 4}","{0.876372528096187365`8., 0.123627471903812635`8., 0, 0, 50, 4}","{0.876372528096187365`8., 0.123627471903812635`8., 0, 0, 50, 4}","{0.876372528096187365`8., 0.123627471903812635`8., 0, 0, 50, 4}","{0.876372528096187365`8., 0.123627471903812635`8., 0, 0, 50, 4}","{0.876372528096187365`8., 0.123627471903812635`8., 0, 0, 50, 4}","{0.876372528096187365`8., 0.123627471903812635`8., 0, 0, 50, 4}","{0.876372528096187365`8., 0.123627471903812635`8., 0, 0, 50, 4}","{0.876372528096187365`8., 0.123627471903812635`8., 0, 0, 50, 4}","{0.876372528096187365`8., 0.123627471903812635`8., 0, 0, 50, 4}","{0.876372528096187365`8., 0.123627471903812635`8., 0, 0, 50, 4}","{0.876372528096187365`8., 0.123627471903812635`8., 0, 0, 50, 4}","{0.876372528096187365`8., 0.123627471903812635`8., 0, 0, 50, 4}","{0.876372528096187365`8., 0.123627471903812635`8., 0, 0, 50, 4}","{0.876372528096187365`8., 0.123627471903812635`8., 0, 0, 50, 4}","{0.876372528096187365`8., 0.123627471903812635`8., 0, 0, 50, 4}"
0.008891397050194615,"{0.876372528096187365`8., 0.123627471903812635`8., 0, 0, 50, 4}","{0.876372528096187365`8., 0.123627471903812635`8., 0, 0, 50, 4}","{0.876372528096187365`8., 0.123627471903812635`8., 0, 0, 50, 4}","{0.876372528096187365`8., 0.123627471903812635`8., 0, 0, 50, 4}","{0.876372528096187365`8., 0.123627471903812635`8., 0, 0, 50, 4}","{0.876372528096187365`8., 0.123627471903812635`8., 0, 0, 50, 4}","{0.876372528096187365`8., 0.123627471903812635`8., 0, 0, 50, 4}","{0.876372528096187365`8., 0.123627471903812635`8., 0, 0, 50, 4}","{0.876372528096187365`8., 0.123627471903812635`8., 0, 0, 50, 4}","{0.876372528096187365`8., 0.123627471903812635`8., 0, 0, 50, 4}","{0.876372528096187365`8., 0.123627471903812635`8., 0, 0, 50, 4}","{0.876372528096187365`8., 0.123627471903812635`8., 0, 0, 50, 4}","{0.876372528096187365`8., 0.123627471903812635`8., 0, 0, 50, 4}","{0.876372528096187365`8., 0.123627471903812635`8., 0, 0, 50, 4}","{0.876372528096187365`8., 0.123627471903812635`8., 0, 0, 50, 4}","{0.876372528096187365`8., 0.123627471903812635`8., 0, 0, 50, 4}","{0.876372528096187365`8., 0.123627471903812635`8., 0, 0, 50, 4}","{0.876372528096187365`8., 0.123627471903812635`8., 0, 0, 50, 4}","{0.876372528096187365`8., 0.123627471903812635`8., 0, 0, 50, 4}","{0.876372528096187365`8., 0.123627471903812635`8., 0, 0, 50, 4}","{0.876372528096187365`8., 0.123627471903812635`8., 0, 0, 50, 4}","{0.876372528096187365`8., 0.123627471903812635`8., 0, 0, 50, 4}","{0.876372528096187365`8., 0.123627471903812635`8., 0, 0, 50, 4}","{0.876372528096187365`8., 0.123627471903812635`8., 0, 0, 50, 4}","{0.876372528096187365`8., 0.123627471903812635`8., 0, 0, 50, 4}","{0.876372528096187365`8., 0.123627471903812635`8., 0, 0, 50, 4}","{0.876372528096187365`8., 0.123627471903812635`8., 0, 0, 50, 4}","{0.876372528096187365`8., 0.123627471903812635`8., 0, 0, 50, 4}","{0.876372528096187365`8., 0.123627471903812635`8., 0, 0, 50, 4}","{0.876372528096187365`8., 0.123627471903812635`8., 0, 0, 50, 4}","{0.876372528096187365`8., 0.123627471903812635`8., 0, 0, 50, 4}","{0.876372528096187365`8., 0.123627471903812635`8., 0, 0, 50, 4}","{0.876372528096187365`8., 0.123627471903812635`8., 0, 0, 50, 4}","{0.876372528096187365`8., 0.123627471903812635`8., 0, 0, 50, 4}","{0.876372528096187365`8., 0.123627471903812635`8., 0, 0, 50, 4}","{0.876372528096187365`8., 0.123627471903812635`8., 0, 0, 50, 4}","{0.876372528096187365`8., 0.123627471903812635`8., 0, 0, 50, 4}","{0.876372528096187365`8., 0.123627471903812635`8., 0, 0, 50, 4}","{0.876372528096187365`8., 0.123627471903812635`8., 0, 0, 50, 4}","{0.876372528096187365`8., 0.123627471903812635`8., 0, 0, 50, 4}","{0.876372528096187365`8., 0.123627471903812635`8., 0, 0, 50, 4}","{0.876372528096187365`8., 0.123627471903812635`8., 0, 0, 50, 4}","{0.876372528096187365`8., 0.123627471903812635`8., 0, 0, 50, 4}","{0.876372528096187365`8., 0.123627471903812635`8., 0, 0, 50, 4}","{0.876372528096187365`8., 0.123627471903812635`8., 0, 0, 50, 4}","{0.876372528096187365`8., 0.123627471903812635`8., 0, 0, 50, 4}","{0.876372528096187365`8., 0.123627471903812635`8., 0, 0, 50, 4}","{0.876372528096187365`8., 0.123627471903812635`8., 0, 0, 50, 4}","{0.876372528096187365`8., 0.123627471903812635`8., 0, 0, 50, 4}","{0.876372528096187365`8., 0.123627471903812635`8., 0, 0, 50, 4}"
0.009418245447449004,"{0.876372528096187365`8., 0.123627471903812635`8., 0, 0, 50, 4}","{0.876372528096187365`8., 0.123627471903812635`8., 0, 0, 50, 4}","{0.876372528096187365`8., 0.123627471903812635`8., 0, 0, 50, 4}","{0.876372528096187365`8., 0.123627471903812635`8., 0, 0, 50, 4}","{0.876372528096187365`8., 0.123627471903812635`8., 0, 0, 50, 4}","{0.876372528096187365`8., 0.123627471903812635`8., 0, 0, 50, 4}","{0.876372528096187365`8., 0.123627471903812635`8., 0, 0, 50, 4}","{0.876372528096187365`8., 0.123627471903812635`8., 0, 0, 50, 4}","{0.876372528096187365`8., 0.123627471903812635`8., 0, 0, 50, 4}","{0.876372528096187365`8., 0.123627471903812635`8., 0, 0, 50, 4}","{0.876372528096187365`8., 0.123627471903812635`8., 0, 0, 50, 4}","{0.876372528096187365`8., 0.123627471903812635`8., 0, 0, 50, 4}","{0.876372528096187365`8., 0.123627471903812635`8., 0, 0, 50, 4}","{0.876372528096187365`8., 0.123627471903812635`8., 0, 0, 50, 4}","{0.876372528096187365`8., 0.123627471903812635`8., 0, 0, 50, 4}","{0.876372528096187365`8., 0.123627471903812635`8., 0, 0, 50, 4}","{0.876372528096187365`8., 0.123627471903812635`8., 0, 0, 50, 4}","{0.876372528096187365`8., 0.123627471903812635`8., 0, 0, 50, 4}","{0.876372528096187365`8., 0.123627471903812635`8., 0, 0, 50, 4}","{0.876372528096187365`8., 0.123627471903812635`8., 0, 0, 50, 4}","{0.876372528096187365`8., 0.123627471903812635`8., 0, 0, 50, 4}","{0.876372528096187365`8., 0.123627471903812635`8., 0, 0, 50, 4}","{0.876372528096187365`8., 0.123627471903812635`8., 0, 0, 50, 4}","{0.876372528096187365`8., 0.123627471903812635`8., 0, 0, 50, 4}","{0.876372528096187365`8., 0.123627471903812635`8., 0, 0, 50, 4}","{0.876372528096187365`8., 0.123627471903812635`8., 0, 0, 50, 4}","{0.876372528096187365`8., 0.123627471903812635`8., 0, 0, 50, 4}","{0.876372528096187365`8., 0.123627471903812635`8., 0, 0, 50, 4}","{0.876372528096187365`8., 0.123627471903812635`8., 0, 0, 50, 4}","{0.876372528096187365`8., 0.123627471903812635`8., 0, 0, 50, 4}","{0.876372528096187365`8., 0.123627471903812635`8., 0, 0, 50, 4}","{0.876372528096187365`8., 0.123627471903812635`8., 0, 0, 50, 4}","{0.876372528096187365`8., 0.123627471903812635`8., 0, 0, 50, 4}","{0.876372528096187365`8., 0.123627471903812635`8., 0, 0, 50, 4}","{0.876372528096187365`8., 0.123627471903812635`8., 0, 0, 50, 4}","{0.876372528096187365`8., 0.123627471903812635`8., 0, 0, 50, 4}","{0.876372528096187365`8., 0.123627471903812635`8., 0, 0, 50, 4}","{0.876372528096187365`8., 0.123627471903812635`8., 0, 0, 50, 4}","{0.876372528096187365`8., 0.123627471903812635`8., 0, 0, 50, 4}","{0.876372528096187365`8., 0.123627471903812635`8., 0, 0, 50, 4}","{0.876372528096187365`8., 0.123627471903812635`8., 0, 0, 50, 4}","{0.876372528096187365`8., 0.123627471903812635`8., 0, 0, 50, 4}","{0.876372528096187365`8., 0.123627471903812635`8., 0, 0, 50, 4}","{0.876372528096187365`8., 0.123627471903812635`8., 0, 0, 50, 4}","{0.876372528096187365`8., 0.123627471903812635`8., 0, 0, 50, 4}","{0.876372528096187365`8., 0.123627471903812635`8., 0, 0, 50, 4}","{0.876372528096187365`8., 0.123627471903812635`8., 0, 0, 50, 4}","{0.876372528096187365`8., 0.123627471903812635`8., 0, 0, 50, 4}","{0.876372528096187365`8., 0.123627471903812635`8., 0, 0, 50, 4}","{0.876372528096187365`8., 0.123627471903812635`8., 0, 0, 50, 4}"
0.0099763115748444,"{0.876372528096187365`8., 0.123627471903812635`8., 0, 0, 50, 4}","{0.876372528096187365`8., 0.123627471903812635`8., 0, 0, 50, 4}","{0.876372528096187365`8., 0.123627471903812635`8., 0, 0, 50, 4}","{0.876372528096187365`8., 0.123627471903812635`8., 0, 0, 50, 4}","{0.876372528096187365`8., 0.123627471903812635`8., 0, 0, 50, 4}","{0.876372528096187365`8., 0.123627471903812635`8., 0, 0, 50, 4}","{0.876372528096187365`8., 0.123627471903812635`8., 0, 0, 50, 4}","{0.876372528096187365`8., 0.123627471903812635`8., 0, 0, 50, 4}","{0.876372528096187365`8., 0.123627471903812635`8., 0, 0, 50, 4}","{0.876372528096187365`8., 0.123627471903812635`8., 0, 0, 50, 4}","{0.876372528096187365`8., 0.123627471903812635`8., 0, 0, 50, 4}","{0.876372528096187365`8., 0.123627471903812635`8., 0, 0, 50, 4}","{0.876372528096187365`8., 0.123627471903812635`8., 0, 0, 50, 4}","{0.00885398188038334565883214802302691989`8., 0.00065249000568767675294330916600045185`8., 0, 0.9904935281139289776`8., 4, 1}","{0.876372528096187365`8., 0.123627471903812635`8., 0, 0, 50, 4}","{0.876372528096187365`8., 0.123627471903812635`8., 0, 0, 50, 4}","{0.876372528096187365`8., 0.123627471903812635`8., 0, 0, 50, 4}","{0.876372528096187365`8., 0.123627471903812635`8., 0, 0, 50, 4}","{0.876372528096187365`8., 0.123627471903812635`8., 0, 0, 50, 4}","{0.876372528096187365`8., 0.123627471903812635`8., 0, 0, 50, 4}","{0.876372528096187365`8., 0.123627471903812635`8., 0, 0, 50, 4}","{0.876372528096187365`8., 0.123627471903812635`8., 0, 0, 50, 4}","{0.876372528096187365`8., 0.123627471903812635`8., 0, 0, 50, 4}","{0.876372528096187365`8., 0.123627471903812635`8., 0, 0, 50, 4}","{0.876372528096187365`8., 0.123627471903812635`8., 0, 0, 50, 4}","{0.876372528096187365`8., 0.123627471903812635`8., 0, 0, 50, 4}","{0.00041942838944819031837541545319651231`8., 0.00004323227898776372637310690124557678`8., 0, 0.999537339331564046`8., 15, 1}","{0.876372528096187365`8., 0.123627471903812635`8., 0, 0, 50, 4}","{0.876372528096187365`8., 0.123627471903812635`8., 0, 0, 50, 4}","{0.876372528096187365`8., 0.123627471903812635`8., 0, 0, 50, 4}","{0.876372528096187365`8., 0.123627471903812635`8., 0, 0, 50, 4}","{0.876372528096187365`8., 0.123627471903812635`8., 0, 0, 50, 4}","{0.876372528096187365`8., 0.123627471903812635`8., 0, 0, 50, 4}","{0.876372528096187365`8., 0.123627471903812635`8., 0, 0, 50, 4}","{0.876372528096187365`8., 0.123627471903812635`8., 0, 0, 50, 4}","{0.876372528096187365`8., 0.123627471903812635`8., 0, 0, 50, 4}","{0.876372528096187365`8., 0.123627471903812635`8., 0, 0, 50, 4}","{0.876372528096187365`8., 0.123627471903812635`8., 0, 0, 50, 4}","{0.876372528096187365`8., 0.123627471903812635`8., 0, 0, 50, 4}","{0.876372528096187365`8., 0.123627471903812635`8., 0, 0, 50, 4}","{0.876372528096187365`8., 0.123627471903812635`8., 0, 0, 50, 4}","{0.876372528096187365`8., 0.123627471903812635`8., 0, 0, 50, 4}","{0.876372528096187365`8., 0.123627471903812635`8., 0, 0, 50, 4}","{0.00048413898370485870100157955348645779`8., 0.00004841008607092201372044336208148135`8., 0, 0.9994674509302242193`8., 5, 1}","{0.876372528096187365`8., 0.123627471903812635`8., 0, 0, 50, 4}","{0.876372528096187365`8., 0.123627471903812635`8., 0, 0, 50, 4}","{0.876372528096187365`8., 0.123627471903812635`8., 0, 0, 50, 4}","{0.876372528096187365`8., 0.123627471903812635`8., 0, 0, 50, 4}","{0.876372528096187365`8., 0.123627471903812635`8., 0, 0, 50, 4}","{0.876372528096187365`8., 0.123627471903812635`8., 0, 0, 50, 4}"
